case_id	surface	source_route_id	source_role_permission_fixture	expected_visibility_redirect	actions_scope	relevant_visible_state	source_evidence_path_line
D-ADMIN-employees	desktop	employees	role=admin (case-insensitive); shell bypasses module bits.	Visible by role=admin bypass of module predicates; client navigation only.	Expose Employees; UI filtering only, not an authorization guarantee.	Employees destination; no separate pathname is declared for this tab ID.	src/pages/Dashboard.jsx:301; src/pages/Dashboard.jsx:328-350; src/pages/Dashboard.jsx:617
D-NONADMIN-employees	desktop	employees	role.toLowerCase()!=admin; module=Employees; one-hot view-only/create-only/edit-only/delete-only/approve-only plus all-false control. AuthContext permission sources/fallbacks: src/contexts/AuthContext.jsx:81-98.	Visible iff one mapped module bit view/create/edit/delete/approve is true (Shift Planning also checks alternate ShiftPlanning); all-false hides nav and ?tab=employees rewrites to ?tab=home. full/export alone are not shell predicates.	Expose or hide Employees in desktop nav/query state only; no server-side security inference.	Employees destination; no separate pathname is declared for this tab ID.	src/pages/Dashboard.jsx:301; src/pages/Dashboard.jsx:328-350; src/pages/Dashboard.jsx:617; src/pages/Dashboard.jsx:384-402
D-EMPLOYEE-DEFAULT-employees	desktop	employees	role=employee; permissions absent/empty; no matching org role document; AuthContext employee defaults apply. A direct stored permission map or matching role document supersedes this fixture.	Visible under AuthContext employee fallback: declared module permissions have view/export=true and create/edit/delete/approve=false, if no direct non-empty map or matching role doc; visibility grants no write rights.	Employee-default navigation for Employees; no action/write rights inferred.	Employees destination; no separate pathname is declared for this tab ID.	src/pages/Dashboard.jsx:301; src/pages/Dashboard.jsx:328-350; src/pages/Dashboard.jsx:617; src/contexts/AuthContext.jsx:81-107
D-ADMIN-home	desktop	home	role=admin (case-insensitive); shell bypasses module bits.	Visible by role=admin bypass of module predicates; client navigation only.	Expose Dashboard; UI filtering only, not an authorization guarantee.	Dashboard/HomeTab; non-admin shell exception is unconditional. Initial activeTab is alias attendance, handled by AttendanceTab renderer.	src/pages/Dashboard.jsx:302; src/pages/Dashboard.jsx:328-350; src/pages/Dashboard.jsx:605
D-NONADMIN-home	desktop	home	role.toLowerCase()!=admin; module=EmployeePortal; one-hot view-only/create-only/edit-only/delete-only/approve-only plus all-false control. AuthContext permission sources/fallbacks: src/contexts/AuthContext.jsx:81-98.	Visible without module permission by explicit home/portal exception; client navigation only.	Expose or hide Dashboard in desktop nav/query state only; no server-side security inference.	Dashboard/HomeTab; non-admin shell exception is unconditional. Initial activeTab is alias attendance, handled by AttendanceTab renderer.	src/pages/Dashboard.jsx:302; src/pages/Dashboard.jsx:328-350; src/pages/Dashboard.jsx:605; src/pages/Dashboard.jsx:384-402
D-EMPLOYEE-DEFAULT-home	desktop	home	role=employee; permissions absent/empty; no matching org role document; AuthContext employee defaults apply. A direct stored permission map or matching role document supersedes this fixture.	Visible under AuthContext employee fallback: declared module permissions have view/export=true and create/edit/delete/approve=false, if no direct non-empty map or matching role doc; visibility grants no write rights.	Employee-default navigation for Dashboard; no action/write rights inferred.	Dashboard/HomeTab; non-admin shell exception is unconditional. Initial activeTab is alias attendance, handled by AttendanceTab renderer.	src/pages/Dashboard.jsx:302; src/pages/Dashboard.jsx:328-350; src/pages/Dashboard.jsx:605; src/contexts/AuthContext.jsx:81-107
D-ADMIN-attendance_list	desktop	attendance-list	role=admin (case-insensitive); shell bypasses module bits.	Visible by role=admin bypass of module predicates; client navigation only.	Expose Attendance; UI filtering only, not an authorization guarantee.	AttendanceTab; local default subtab attendance; dashboard also accepts internal alias attendance.	src/pages/Dashboard.jsx:303; src/pages/Dashboard.jsx:328-350; src/pages/Dashboard.jsx:606-607
D-NONADMIN-attendance_list	desktop	attendance-list	role.toLowerCase()!=admin; module=Attendance; one-hot view-only/create-only/edit-only/delete-only/approve-only plus all-false control. AuthContext permission sources/fallbacks: src/contexts/AuthContext.jsx:81-98.	Visible iff one mapped module bit view/create/edit/delete/approve is true (Shift Planning also checks alternate ShiftPlanning); all-false hides nav and ?tab=attendance-list rewrites to ?tab=home. full/export alone are not shell predicates.	Expose or hide Attendance in desktop nav/query state only; no server-side security inference.	AttendanceTab; local default subtab attendance; dashboard also accepts internal alias attendance.	src/pages/Dashboard.jsx:303; src/pages/Dashboard.jsx:328-350; src/pages/Dashboard.jsx:606-607; src/pages/Dashboard.jsx:384-402
D-EMPLOYEE-DEFAULT-attendance_list	desktop	attendance-list	role=employee; permissions absent/empty; no matching org role document; AuthContext employee defaults apply. A direct stored permission map or matching role document supersedes this fixture.	Visible under AuthContext employee fallback: declared module permissions have view/export=true and create/edit/delete/approve=false, if no direct non-empty map or matching role doc; visibility grants no write rights.	Employee-default navigation for Attendance; no action/write rights inferred.	AttendanceTab; local default subtab attendance; dashboard also accepts internal alias attendance.	src/pages/Dashboard.jsx:303; src/pages/Dashboard.jsx:328-350; src/pages/Dashboard.jsx:606-607; src/contexts/AuthContext.jsx:81-107
D-ADMIN-tasks	desktop	tasks	role=admin (case-insensitive); shell bypasses module bits.	Visible by role=admin bypass of module predicates; client navigation only.	Expose Tasks; UI filtering only, not an authorization guarantee.	TasksTab receives defaultSubTab=checklist and synchronizes tasksTab query state.	src/pages/Dashboard.jsx:304; src/pages/Dashboard.jsx:328-350; src/pages/Dashboard.jsx:627
D-NONADMIN-tasks	desktop	tasks	role.toLowerCase()!=admin; module=Tasks; one-hot view-only/create-only/edit-only/delete-only/approve-only plus all-false control. AuthContext permission sources/fallbacks: src/contexts/AuthContext.jsx:81-98.	Visible iff one mapped module bit view/create/edit/delete/approve is true (Shift Planning also checks alternate ShiftPlanning); all-false hides nav and ?tab=tasks rewrites to ?tab=home. full/export alone are not shell predicates.	Expose or hide Tasks in desktop nav/query state only; no server-side security inference.	TasksTab receives defaultSubTab=checklist and synchronizes tasksTab query state.	src/pages/Dashboard.jsx:304; src/pages/Dashboard.jsx:328-350; src/pages/Dashboard.jsx:627; src/pages/Dashboard.jsx:384-402
D-EMPLOYEE-DEFAULT-tasks	desktop	tasks	role=employee; permissions absent/empty; no matching org role document; AuthContext employee defaults apply. A direct stored permission map or matching role document supersedes this fixture.	Visible under AuthContext employee fallback: declared module permissions have view/export=true and create/edit/delete/approve=false, if no direct non-empty map or matching role doc; visibility grants no write rights.	Employee-default navigation for Tasks; no action/write rights inferred.	TasksTab receives defaultSubTab=checklist and synchronizes tasksTab query state.	src/pages/Dashboard.jsx:304; src/pages/Dashboard.jsx:328-350; src/pages/Dashboard.jsx:627; src/contexts/AuthContext.jsx:81-107
D-ADMIN-salary_slip	desktop	salary-slip	role=admin (case-insensitive); shell bypasses module bits.	Visible by role=admin bypass of module predicates; client navigation only.	Expose Payroll; UI filtering only, not an authorization guarantee.	Payroll destination; no separate pathname is declared for this tab ID.	src/pages/Dashboard.jsx:305; src/pages/Dashboard.jsx:328-350; src/pages/Dashboard.jsx:621
D-NONADMIN-salary_slip	desktop	salary-slip	role.toLowerCase()!=admin; module=SalarySlip; one-hot view-only/create-only/edit-only/delete-only/approve-only plus all-false control. AuthContext permission sources/fallbacks: src/contexts/AuthContext.jsx:81-98.	Visible iff one mapped module bit view/create/edit/delete/approve is true (Shift Planning also checks alternate ShiftPlanning); all-false hides nav and ?tab=salary-slip rewrites to ?tab=home. full/export alone are not shell predicates.	Expose or hide Payroll in desktop nav/query state only; no server-side security inference.	Payroll destination; no separate pathname is declared for this tab ID.	src/pages/Dashboard.jsx:305; src/pages/Dashboard.jsx:328-350; src/pages/Dashboard.jsx:621; src/pages/Dashboard.jsx:384-402
D-EMPLOYEE-DEFAULT-salary_slip	desktop	salary-slip	role=employee; permissions absent/empty; no matching org role document; AuthContext employee defaults apply. A direct stored permission map or matching role document supersedes this fixture.	Visible under AuthContext employee fallback: declared module permissions have view/export=true and create/edit/delete/approve=false, if no direct non-empty map or matching role doc; visibility grants no write rights.	Employee-default navigation for Payroll; no action/write rights inferred.	Payroll destination; no separate pathname is declared for this tab ID.	src/pages/Dashboard.jsx:305; src/pages/Dashboard.jsx:328-350; src/pages/Dashboard.jsx:621; src/contexts/AuthContext.jsx:81-107
D-ADMIN-advance	desktop	advance	role=admin (case-insensitive); shell bypasses module bits.	Visible by role=admin bypass of module predicates; client navigation only.	Expose Advance/Expense; UI filtering only, not an authorization guarantee.	AdvanceExpenseTab; local default Add Advance; expense is an alias to Add Expense.	src/pages/Dashboard.jsx:306; src/pages/Dashboard.jsx:328-350; src/pages/Dashboard.jsx:622-623
D-NONADMIN-advance	desktop	advance	role.toLowerCase()!=admin; module=AdvanceExpense; one-hot view-only/create-only/edit-only/delete-only/approve-only plus all-false control. AuthContext permission sources/fallbacks: src/contexts/AuthContext.jsx:81-98.	Visible iff one mapped module bit view/create/edit/delete/approve is true (Shift Planning also checks alternate ShiftPlanning); all-false hides nav and ?tab=advance rewrites to ?tab=home. full/export alone are not shell predicates.	Expose or hide Advance/Expense in desktop nav/query state only; no server-side security inference.	AdvanceExpenseTab; local default Add Advance; expense is an alias to Add Expense.	src/pages/Dashboard.jsx:306; src/pages/Dashboard.jsx:328-350; src/pages/Dashboard.jsx:622-623; src/pages/Dashboard.jsx:384-402
D-EMPLOYEE-DEFAULT-advance	desktop	advance	role=employee; permissions absent/empty; no matching org role document; AuthContext employee defaults apply. A direct stored permission map or matching role document supersedes this fixture.	Visible under AuthContext employee fallback: declared module permissions have view/export=true and create/edit/delete/approve=false, if no direct non-empty map or matching role doc; visibility grants no write rights.	Employee-default navigation for Advance/Expense; no action/write rights inferred.	AdvanceExpenseTab; local default Add Advance; expense is an alias to Add Expense.	src/pages/Dashboard.jsx:306; src/pages/Dashboard.jsx:328-350; src/pages/Dashboard.jsx:622-623; src/contexts/AuthContext.jsx:81-107
D-ADMIN-approvals	desktop	approvals	role=admin (case-insensitive); shell bypasses module bits.	Visible by role=admin bypass of module predicates; client navigation only.	Expose Approvals; UI filtering only, not an authorization guarantee.	Approvals destination; no separate pathname is declared for this tab ID.	src/pages/Dashboard.jsx:307; src/pages/Dashboard.jsx:328-350; src/pages/Dashboard.jsx:612
D-NONADMIN-approvals	desktop	approvals	role.toLowerCase()!=admin; module=Approvals; one-hot view-only/create-only/edit-only/delete-only/approve-only plus all-false control. AuthContext permission sources/fallbacks: src/contexts/AuthContext.jsx:81-98.	Visible iff one mapped module bit view/create/edit/delete/approve is true (Shift Planning also checks alternate ShiftPlanning); all-false hides nav and ?tab=approvals rewrites to ?tab=home. full/export alone are not shell predicates.	Expose or hide Approvals in desktop nav/query state only; no server-side security inference.	Approvals destination; no separate pathname is declared for this tab ID.	src/pages/Dashboard.jsx:307; src/pages/Dashboard.jsx:328-350; src/pages/Dashboard.jsx:612; src/pages/Dashboard.jsx:384-402
D-EMPLOYEE-DEFAULT-approvals	desktop	approvals	role=employee; permissions absent/empty; no matching org role document; AuthContext employee defaults apply. A direct stored permission map or matching role document supersedes this fixture.	Visible under AuthContext employee fallback: declared module permissions have view/export=true and create/edit/delete/approve=false, if no direct non-empty map or matching role doc; visibility grants no write rights.	Employee-default navigation for Approvals; no action/write rights inferred.	Approvals destination; no separate pathname is declared for this tab ID.	src/pages/Dashboard.jsx:307; src/pages/Dashboard.jsx:328-350; src/pages/Dashboard.jsx:612; src/contexts/AuthContext.jsx:81-107
D-ADMIN-correction	desktop	correction	role=admin (case-insensitive); shell bypasses module bits.	Visible by role=admin bypass of module predicates; client navigation only.	Expose Attendance Correction; UI filtering only, not an authorization guarantee.	Attendance Correction destination; no separate pathname is declared for this tab ID.	src/pages/Dashboard.jsx:308; src/pages/Dashboard.jsx:328-350; src/pages/Dashboard.jsx:610
D-NONADMIN-correction	desktop	correction	role.toLowerCase()!=admin; module=Correction; one-hot view-only/create-only/edit-only/delete-only/approve-only plus all-false control. AuthContext permission sources/fallbacks: src/contexts/AuthContext.jsx:81-98.	Visible iff one mapped module bit view/create/edit/delete/approve is true (Shift Planning also checks alternate ShiftPlanning); all-false hides nav and ?tab=correction rewrites to ?tab=home. full/export alone are not shell predicates.	Expose or hide Attendance Correction in desktop nav/query state only; no server-side security inference.	Attendance Correction destination; no separate pathname is declared for this tab ID.	src/pages/Dashboard.jsx:308; src/pages/Dashboard.jsx:328-350; src/pages/Dashboard.jsx:610; src/pages/Dashboard.jsx:384-402
D-EMPLOYEE-DEFAULT-correction	desktop	correction	role=employee; permissions absent/empty; no matching org role document; AuthContext employee defaults apply. A direct stored permission map or matching role document supersedes this fixture.	Visible under AuthContext employee fallback: declared module permissions have view/export=true and create/edit/delete/approve=false, if no direct non-empty map or matching role doc; visibility grants no write rights.	Employee-default navigation for Attendance Correction; no action/write rights inferred.	Attendance Correction destination; no separate pathname is declared for this tab ID.	src/pages/Dashboard.jsx:308; src/pages/Dashboard.jsx:328-350; src/pages/Dashboard.jsx:610; src/contexts/AuthContext.jsx:81-107
D-ADMIN-leave	desktop	leave	role=admin (case-insensitive); shell bypasses module bits.	Visible by role=admin bypass of module predicates; client navigation only.	Expose Leave; UI filtering only, not an authorization guarantee.	Leave destination; no separate pathname is declared for this tab ID.	src/pages/Dashboard.jsx:309; src/pages/Dashboard.jsx:328-350; src/pages/Dashboard.jsx:611
D-NONADMIN-leave	desktop	leave	role.toLowerCase()!=admin; module=Leave; one-hot view-only/create-only/edit-only/delete-only/approve-only plus all-false control. AuthContext permission sources/fallbacks: src/contexts/AuthContext.jsx:81-98.	Visible iff one mapped module bit view/create/edit/delete/approve is true (Shift Planning also checks alternate ShiftPlanning); all-false hides nav and ?tab=leave rewrites to ?tab=home. full/export alone are not shell predicates.	Expose or hide Leave in desktop nav/query state only; no server-side security inference.	Leave destination; no separate pathname is declared for this tab ID.	src/pages/Dashboard.jsx:309; src/pages/Dashboard.jsx:328-350; src/pages/Dashboard.jsx:611; src/pages/Dashboard.jsx:384-402
D-EMPLOYEE-DEFAULT-leave	desktop	leave	role=employee; permissions absent/empty; no matching org role document; AuthContext employee defaults apply. A direct stored permission map or matching role document supersedes this fixture.	Visible under AuthContext employee fallback: declared module permissions have view/export=true and create/edit/delete/approve=false, if no direct non-empty map or matching role doc; visibility grants no write rights.	Employee-default navigation for Leave; no action/write rights inferred.	Leave destination; no separate pathname is declared for this tab ID.	src/pages/Dashboard.jsx:309; src/pages/Dashboard.jsx:328-350; src/pages/Dashboard.jsx:611; src/contexts/AuthContext.jsx:81-107
D-ADMIN-letters	desktop	letters	role=admin (case-insensitive); shell bypasses module bits.	Visible by role=admin bypass of module predicates; client navigation only.	Expose HR Communications; UI filtering only, not an authorization guarantee.	HR Communications destination; no separate pathname is declared for this tab ID.	src/pages/Dashboard.jsx:310; src/pages/Dashboard.jsx:328-350; src/pages/Dashboard.jsx:613
D-NONADMIN-letters	desktop	letters	role.toLowerCase()!=admin; module=HRLetters; one-hot view-only/create-only/edit-only/delete-only/approve-only plus all-false control. AuthContext permission sources/fallbacks: src/contexts/AuthContext.jsx:81-98.	Visible iff one mapped module bit view/create/edit/delete/approve is true (Shift Planning also checks alternate ShiftPlanning); all-false hides nav and ?tab=letters rewrites to ?tab=home. full/export alone are not shell predicates.	Expose or hide HR Communications in desktop nav/query state only; no server-side security inference.	HR Communications destination; no separate pathname is declared for this tab ID.	src/pages/Dashboard.jsx:310; src/pages/Dashboard.jsx:328-350; src/pages/Dashboard.jsx:613; src/pages/Dashboard.jsx:384-402
D-EMPLOYEE-DEFAULT-letters	desktop	letters	role=employee; permissions absent/empty; no matching org role document; AuthContext employee defaults apply. A direct stored permission map or matching role document supersedes this fixture.	Visible under AuthContext employee fallback: declared module permissions have view/export=true and create/edit/delete/approve=false, if no direct non-empty map or matching role doc; visibility grants no write rights.	Employee-default navigation for HR Communications; no action/write rights inferred.	HR Communications destination; no separate pathname is declared for this tab ID.	src/pages/Dashboard.jsx:310; src/pages/Dashboard.jsx:328-350; src/pages/Dashboard.jsx:613; src/contexts/AuthContext.jsx:81-107
D-ADMIN-vehicle	desktop	vehicle	role=admin (case-insensitive); shell bypasses module bits.	Visible by role=admin bypass of module predicates; client navigation only.	Expose Vehicle; UI filtering only, not an authorization guarantee.	Direct tab=vehicle: admin renders OperationsTab at Vehicles; non-admin renders EmployeeVehiclePortal using currentEmployee.id or null. Admin sidebar click instead selects Operations with local vehicles subtab.	src/pages/Dashboard.jsx:311; src/pages/Dashboard.jsx:328-350; src/pages/Dashboard.jsx:614
D-NONADMIN-vehicle	desktop	vehicle	role.toLowerCase()!=admin; module=Vehicle; one-hot view-only/create-only/edit-only/delete-only/approve-only plus all-false control. AuthContext permission sources/fallbacks: src/contexts/AuthContext.jsx:81-98.	Visible iff one mapped module bit view/create/edit/delete/approve is true (Shift Planning also checks alternate ShiftPlanning); all-false hides nav and ?tab=vehicle rewrites to ?tab=home. full/export alone are not shell predicates.	Expose or hide Vehicle in desktop nav/query state only; no server-side security inference.	Direct tab=vehicle: admin renders OperationsTab at Vehicles; non-admin renders EmployeeVehiclePortal using currentEmployee.id or null. Admin sidebar click instead selects Operations with local vehicles subtab.	src/pages/Dashboard.jsx:311; src/pages/Dashboard.jsx:328-350; src/pages/Dashboard.jsx:614; src/pages/Dashboard.jsx:384-402
D-EMPLOYEE-DEFAULT-vehicle	desktop	vehicle	role=employee; permissions absent/empty; no matching org role document; AuthContext employee defaults apply. A direct stored permission map or matching role document supersedes this fixture.	Visible under AuthContext employee fallback: declared module permissions have view/export=true and create/edit/delete/approve=false, if no direct non-empty map or matching role doc; visibility grants no write rights.	Employee-default navigation for Vehicle; no action/write rights inferred.	Direct tab=vehicle: admin renders OperationsTab at Vehicles; non-admin renders EmployeeVehiclePortal using currentEmployee.id or null. Admin sidebar click instead selects Operations with local vehicles subtab.	src/pages/Dashboard.jsx:311; src/pages/Dashboard.jsx:328-350; src/pages/Dashboard.jsx:614; src/contexts/AuthContext.jsx:81-107
D-ADMIN-operations	desktop	operations	role=admin (case-insensitive); shell bypasses module bits.	Visible by role=admin bypass of module predicates; client navigation only.	Expose Operations; UI filtering only, not an authorization guarantee.	OperationsTab local default subtab dates; admin vehicle navigation can open local vehicles subtab.	src/pages/Dashboard.jsx:312; src/pages/Dashboard.jsx:328-350; src/pages/Dashboard.jsx:615
D-NONADMIN-operations	desktop	operations	role.toLowerCase()!=admin; module=Operations; one-hot view-only/create-only/edit-only/delete-only/approve-only plus all-false control. AuthContext permission sources/fallbacks: src/contexts/AuthContext.jsx:81-98.	Visible iff one mapped module bit view/create/edit/delete/approve is true (Shift Planning also checks alternate ShiftPlanning); all-false hides nav and ?tab=operations rewrites to ?tab=home. full/export alone are not shell predicates.	Expose or hide Operations in desktop nav/query state only; no server-side security inference.	OperationsTab local default subtab dates; admin vehicle navigation can open local vehicles subtab.	src/pages/Dashboard.jsx:312; src/pages/Dashboard.jsx:328-350; src/pages/Dashboard.jsx:615; src/pages/Dashboard.jsx:384-402
D-EMPLOYEE-DEFAULT-operations	desktop	operations	role=employee; permissions absent/empty; no matching org role document; AuthContext employee defaults apply. A direct stored permission map or matching role document supersedes this fixture.	Visible under AuthContext employee fallback: declared module permissions have view/export=true and create/edit/delete/approve=false, if no direct non-empty map or matching role doc; visibility grants no write rights.	Employee-default navigation for Operations; no action/write rights inferred.	OperationsTab local default subtab dates; admin vehicle navigation can open local vehicles subtab.	src/pages/Dashboard.jsx:312; src/pages/Dashboard.jsx:328-350; src/pages/Dashboard.jsx:615; src/contexts/AuthContext.jsx:81-107
D-ADMIN-shift_planning	desktop	shift-planning	role=admin (case-insensitive); shell bypasses module bits.	Visible by role=admin bypass of module predicates; client navigation only.	Expose Shift Planning; UI filtering only, not an authorization guarantee.	ShiftPlanningTab; shell checks Shifts or alternate ShiftPlanning module permission.	src/pages/Dashboard.jsx:313; src/pages/Dashboard.jsx:328-350; src/pages/Dashboard.jsx:616
D-NONADMIN-shift_planning	desktop	shift-planning	role.toLowerCase()!=admin; module=Shifts|ShiftPlanning; one-hot view-only/create-only/edit-only/delete-only/approve-only plus all-false control. AuthContext permission sources/fallbacks: src/contexts/AuthContext.jsx:81-98.	Visible iff one mapped module bit view/create/edit/delete/approve is true (Shift Planning also checks alternate ShiftPlanning); all-false hides nav and ?tab=shift-planning rewrites to ?tab=home. full/export alone are not shell predicates.	Expose or hide Shift Planning in desktop nav/query state only; no server-side security inference.	ShiftPlanningTab; shell checks Shifts or alternate ShiftPlanning module permission.	src/pages/Dashboard.jsx:313; src/pages/Dashboard.jsx:328-350; src/pages/Dashboard.jsx:616; src/pages/Dashboard.jsx:384-402
D-EMPLOYEE-DEFAULT-shift_planning	desktop	shift-planning	role=employee; permissions absent/empty; no matching org role document; AuthContext employee defaults apply. A direct stored permission map or matching role document supersedes this fixture.	Visible under AuthContext employee fallback: declared module permissions have view/export=true and create/edit/delete/approve=false, if no direct non-empty map or matching role doc; visibility grants no write rights.	Employee-default navigation for Shift Planning; no action/write rights inferred.	ShiftPlanningTab; shell checks Shifts or alternate ShiftPlanning module permission.	src/pages/Dashboard.jsx:313; src/pages/Dashboard.jsx:328-350; src/pages/Dashboard.jsx:616; src/contexts/AuthContext.jsx:81-107
D-ADMIN-documents	desktop	documents	role=admin (case-insensitive); shell bypasses module bits.	Visible by role=admin bypass of module predicates; client navigation only.	Expose Documents; UI filtering only, not an authorization guarantee.	Documents destination; no separate pathname is declared for this tab ID.	src/pages/Dashboard.jsx:314; src/pages/Dashboard.jsx:328-350; src/pages/Dashboard.jsx:619
D-NONADMIN-documents	desktop	documents	role.toLowerCase()!=admin; module=DocumentManagement; one-hot view-only/create-only/edit-only/delete-only/approve-only plus all-false control. AuthContext permission sources/fallbacks: src/contexts/AuthContext.jsx:81-98.	Visible iff one mapped module bit view/create/edit/delete/approve is true (Shift Planning also checks alternate ShiftPlanning); all-false hides nav and ?tab=documents rewrites to ?tab=home. full/export alone are not shell predicates.	Expose or hide Documents in desktop nav/query state only; no server-side security inference.	Documents destination; no separate pathname is declared for this tab ID.	src/pages/Dashboard.jsx:314; src/pages/Dashboard.jsx:328-350; src/pages/Dashboard.jsx:619; src/pages/Dashboard.jsx:384-402
D-EMPLOYEE-DEFAULT-documents	desktop	documents	role=employee; permissions absent/empty; no matching org role document; AuthContext employee defaults apply. A direct stored permission map or matching role document supersedes this fixture.	Visible under AuthContext employee fallback: declared module permissions have view/export=true and create/edit/delete/approve=false, if no direct non-empty map or matching role doc; visibility grants no write rights.	Employee-default navigation for Documents; no action/write rights inferred.	Documents destination; no separate pathname is declared for this tab ID.	src/pages/Dashboard.jsx:314; src/pages/Dashboard.jsx:328-350; src/pages/Dashboard.jsx:619; src/contexts/AuthContext.jsx:81-107
D-ADMIN-fines	desktop	fines	role=admin (case-insensitive); shell bypasses module bits.	Visible by role=admin bypass of module predicates; client navigation only.	Expose Fines; UI filtering only, not an authorization guarantee.	Fines destination; no separate pathname is declared for this tab ID.	src/pages/Dashboard.jsx:315; src/pages/Dashboard.jsx:328-350; src/pages/Dashboard.jsx:624
D-NONADMIN-fines	desktop	fines	role.toLowerCase()!=admin; module=Fine; one-hot view-only/create-only/edit-only/delete-only/approve-only plus all-false control. AuthContext permission sources/fallbacks: src/contexts/AuthContext.jsx:81-98.	Visible iff one mapped module bit view/create/edit/delete/approve is true (Shift Planning also checks alternate ShiftPlanning); all-false hides nav and ?tab=fines rewrites to ?tab=home. full/export alone are not shell predicates.	Expose or hide Fines in desktop nav/query state only; no server-side security inference.	Fines destination; no separate pathname is declared for this tab ID.	src/pages/Dashboard.jsx:315; src/pages/Dashboard.jsx:328-350; src/pages/Dashboard.jsx:624; src/pages/Dashboard.jsx:384-402
D-EMPLOYEE-DEFAULT-fines	desktop	fines	role=employee; permissions absent/empty; no matching org role document; AuthContext employee defaults apply. A direct stored permission map or matching role document supersedes this fixture.	Visible under AuthContext employee fallback: declared module permissions have view/export=true and create/edit/delete/approve=false, if no direct non-empty map or matching role doc; visibility grants no write rights.	Employee-default navigation for Fines; no action/write rights inferred.	Fines destination; no separate pathname is declared for this tab ID.	src/pages/Dashboard.jsx:315; src/pages/Dashboard.jsx:328-350; src/pages/Dashboard.jsx:624; src/contexts/AuthContext.jsx:81-107
D-ADMIN-engage	desktop	engage	role=admin (case-insensitive); shell bypasses module bits.	Visible by role=admin bypass of module predicates; client navigation only.	Expose Engage; UI filtering only, not an authorization guarantee.	Engage destination; no separate pathname is declared for this tab ID.	src/pages/Dashboard.jsx:316; src/pages/Dashboard.jsx:328-350; src/pages/Dashboard.jsx:625
D-NONADMIN-engage	desktop	engage	role.toLowerCase()!=admin; module=Engagement; one-hot view-only/create-only/edit-only/delete-only/approve-only plus all-false control. AuthContext permission sources/fallbacks: src/contexts/AuthContext.jsx:81-98.	Visible iff one mapped module bit view/create/edit/delete/approve is true (Shift Planning also checks alternate ShiftPlanning); all-false hides nav and ?tab=engage rewrites to ?tab=home. full/export alone are not shell predicates.	Expose or hide Engage in desktop nav/query state only; no server-side security inference.	Engage destination; no separate pathname is declared for this tab ID.	src/pages/Dashboard.jsx:316; src/pages/Dashboard.jsx:328-350; src/pages/Dashboard.jsx:625; src/pages/Dashboard.jsx:384-402
D-EMPLOYEE-DEFAULT-engage	desktop	engage	role=employee; permissions absent/empty; no matching org role document; AuthContext employee defaults apply. A direct stored permission map or matching role document supersedes this fixture.	Visible under AuthContext employee fallback: declared module permissions have view/export=true and create/edit/delete/approve=false, if no direct non-empty map or matching role doc; visibility grants no write rights.	Employee-default navigation for Engage; no action/write rights inferred.	Engage destination; no separate pathname is declared for this tab ID.	src/pages/Dashboard.jsx:316; src/pages/Dashboard.jsx:328-350; src/pages/Dashboard.jsx:625; src/contexts/AuthContext.jsx:81-107
D-ADMIN-chat	desktop	chat	role=admin (case-insensitive); shell bypasses module bits.	Hidden from desktop nav and URL-tab allow-list even for admin; direct ?tab=chat is not a visibleTabs match and rewrites to ?tab=home.	Expose Team Chat; UI filtering only, not an authorization guarantee.	Registry entry exists and ChatTab is rendered in code, but hiddenTabs removes chat from desktop navigation and the URL-tab allow-list for every role.	src/pages/Dashboard.jsx:317; src/pages/Dashboard.jsx:328-350; src/pages/Dashboard.jsx:626
D-NONADMIN-chat	desktop	chat	role.toLowerCase()!=admin; module=Engagement; one-hot view-only/create-only/edit-only/delete-only/approve-only plus all-false control. AuthContext permission sources/fallbacks: src/contexts/AuthContext.jsx:81-98.	Always hidden after permission filtering; Engagement rights do not unhide desktop chat. Direct ?tab=chat rewrites to ?tab=home.	Expose or hide Team Chat in desktop nav/query state only; no server-side security inference.	Registry entry exists and ChatTab is rendered in code, but hiddenTabs removes chat from desktop navigation and the URL-tab allow-list for every role.	src/pages/Dashboard.jsx:317; src/pages/Dashboard.jsx:328-350; src/pages/Dashboard.jsx:626; src/pages/Dashboard.jsx:384-402
D-EMPLOYEE-DEFAULT-chat	desktop	chat	role=employee; permissions absent/empty; no matching org role document; AuthContext employee defaults apply. A direct stored permission map or matching role document supersedes this fixture.	Employee fallback has Engagement view/export, but hiddenTabs still removes desktop chat from nav and URL-tab allow-list.	Employee-default navigation for Team Chat; no action/write rights inferred.	Registry entry exists and ChatTab is rendered in code, but hiddenTabs removes chat from desktop navigation and the URL-tab allow-list for every role.	src/pages/Dashboard.jsx:317; src/pages/Dashboard.jsx:328-350; src/pages/Dashboard.jsx:626; src/contexts/AuthContext.jsx:81-107
D-ADMIN-recruitment	desktop	recruitment	role=admin (case-insensitive); shell bypasses module bits.	Visible by role=admin bypass of module predicates; client navigation only.	Expose Recruitment; UI filtering only, not an authorization guarantee.	Recruitment destination; no separate pathname is declared for this tab ID.	src/pages/Dashboard.jsx:318; src/pages/Dashboard.jsx:328-350; src/pages/Dashboard.jsx:618
D-NONADMIN-recruitment	desktop	recruitment	role.toLowerCase()!=admin; module=Recruitment; one-hot view-only/create-only/edit-only/delete-only/approve-only plus all-false control. AuthContext permission sources/fallbacks: src/contexts/AuthContext.jsx:81-98.	Visible iff one mapped module bit view/create/edit/delete/approve is true (Shift Planning also checks alternate ShiftPlanning); all-false hides nav and ?tab=recruitment rewrites to ?tab=home. full/export alone are not shell predicates.	Expose or hide Recruitment in desktop nav/query state only; no server-side security inference.	Recruitment destination; no separate pathname is declared for this tab ID.	src/pages/Dashboard.jsx:318; src/pages/Dashboard.jsx:328-350; src/pages/Dashboard.jsx:618; src/pages/Dashboard.jsx:384-402
D-EMPLOYEE-DEFAULT-recruitment	desktop	recruitment	role=employee; permissions absent/empty; no matching org role document; AuthContext employee defaults apply. A direct stored permission map or matching role document supersedes this fixture.	Visible under AuthContext employee fallback: declared module permissions have view/export=true and create/edit/delete/approve=false, if no direct non-empty map or matching role doc; visibility grants no write rights.	Employee-default navigation for Recruitment; no action/write rights inferred.	Recruitment destination; no separate pathname is declared for this tab ID.	src/pages/Dashboard.jsx:318; src/pages/Dashboard.jsx:328-350; src/pages/Dashboard.jsx:618; src/contexts/AuthContext.jsx:81-107
D-ADMIN-reports	desktop	reports	role=admin (case-insensitive); shell bypasses module bits.	Visible by role=admin bypass of module predicates; client navigation only.	Expose Reports; UI filtering only, not an authorization guarantee.	Reports is a group/parent with attendance-reports and site-reports children; it has no renderTabContent case, so a direct qualifying tab query reaches the EmployeePortalTab default branch.	src/pages/Dashboard.jsx:319; src/pages/Dashboard.jsx:328-350; src/pages/Dashboard.jsx:604-632 (no reports case)
D-NONADMIN-reports	desktop	reports	role.toLowerCase()!=admin; module=Reports; one-hot view-only/create-only/edit-only/delete-only/approve-only plus all-false control. AuthContext permission sources/fallbacks: src/contexts/AuthContext.jsx:81-98.	Visible iff one mapped module bit view/create/edit/delete/approve is true (Shift Planning also checks alternate ShiftPlanning); all-false hides nav and ?tab=reports rewrites to ?tab=home. full/export alone are not shell predicates.	Expose or hide Reports in desktop nav/query state only; no server-side security inference.	Reports is a group/parent with attendance-reports and site-reports children; it has no renderTabContent case, so a direct qualifying tab query reaches the EmployeePortalTab default branch.	src/pages/Dashboard.jsx:319; src/pages/Dashboard.jsx:328-350; src/pages/Dashboard.jsx:604-632 (no reports case); src/pages/Dashboard.jsx:384-402
D-EMPLOYEE-DEFAULT-reports	desktop	reports	role=employee; permissions absent/empty; no matching org role document; AuthContext employee defaults apply. A direct stored permission map or matching role document supersedes this fixture.	Visible under AuthContext employee fallback: declared module permissions have view/export=true and create/edit/delete/approve=false, if no direct non-empty map or matching role doc; visibility grants no write rights.	Employee-default navigation for Reports; no action/write rights inferred.	Reports is a group/parent with attendance-reports and site-reports children; it has no renderTabContent case, so a direct qualifying tab query reaches the EmployeePortalTab default branch.	src/pages/Dashboard.jsx:319; src/pages/Dashboard.jsx:328-350; src/pages/Dashboard.jsx:604-632 (no reports case); src/contexts/AuthContext.jsx:81-107
D-ADMIN-accountant	desktop	accountant	role=admin (case-insensitive); shell bypasses module bits.	Visible by role=admin bypass of module predicates; client navigation only.	Expose Accountant; UI filtering only, not an authorization guarantee.	Accountant destination; no separate pathname is declared for this tab ID.	src/pages/Dashboard.jsx:320; src/pages/Dashboard.jsx:328-350; src/pages/Dashboard.jsx:620
D-NONADMIN-accountant	desktop	accountant	role.toLowerCase()!=admin; module=Finance; one-hot view-only/create-only/edit-only/delete-only/approve-only plus all-false control. AuthContext permission sources/fallbacks: src/contexts/AuthContext.jsx:81-98.	Visible iff one mapped module bit view/create/edit/delete/approve is true (Shift Planning also checks alternate ShiftPlanning); all-false hides nav and ?tab=accountant rewrites to ?tab=home. full/export alone are not shell predicates.	Expose or hide Accountant in desktop nav/query state only; no server-side security inference.	Accountant destination; no separate pathname is declared for this tab ID.	src/pages/Dashboard.jsx:320; src/pages/Dashboard.jsx:328-350; src/pages/Dashboard.jsx:620; src/pages/Dashboard.jsx:384-402
D-EMPLOYEE-DEFAULT-accountant	desktop	accountant	role=employee; permissions absent/empty; no matching org role document; AuthContext employee defaults apply. A direct stored permission map or matching role document supersedes this fixture.	Visible under AuthContext employee fallback: declared module permissions have view/export=true and create/edit/delete/approve=false, if no direct non-empty map or matching role doc; visibility grants no write rights.	Employee-default navigation for Accountant; no action/write rights inferred.	Accountant destination; no separate pathname is declared for this tab ID.	src/pages/Dashboard.jsx:320; src/pages/Dashboard.jsx:328-350; src/pages/Dashboard.jsx:620; src/contexts/AuthContext.jsx:81-107
D-ADMIN-portal	desktop	portal	role=admin (case-insensitive); shell bypasses module bits.	Visible by role=admin bypass of module predicates; client navigation only.	Expose My Portal; UI filtering only, not an authorization guarantee.	EmployeePortalTab starts at portalSubTab=dashboard; Profile control selects profile. Employee record mapping is described in D-PORTAL-EMPLOYEE-SELF-SERVICE.	src/pages/Dashboard.jsx:321; src/pages/Dashboard.jsx:328-350; src/pages/Dashboard.jsx:628
D-NONADMIN-portal	desktop	portal	role.toLowerCase()!=admin; module=EmployeePortal; one-hot view-only/create-only/edit-only/delete-only/approve-only plus all-false control. AuthContext permission sources/fallbacks: src/contexts/AuthContext.jsx:81-98.	Visible without module permission by explicit home/portal exception; client navigation only.	Expose or hide My Portal in desktop nav/query state only; no server-side security inference.	EmployeePortalTab starts at portalSubTab=dashboard; Profile control selects profile. Employee record mapping is described in D-PORTAL-EMPLOYEE-SELF-SERVICE.	src/pages/Dashboard.jsx:321; src/pages/Dashboard.jsx:328-350; src/pages/Dashboard.jsx:628; src/pages/Dashboard.jsx:384-402
D-EMPLOYEE-DEFAULT-portal	desktop	portal	role=employee; permissions absent/empty; no matching org role document; AuthContext employee defaults apply. A direct stored permission map or matching role document supersedes this fixture.	Visible under AuthContext employee fallback: declared module permissions have view/export=true and create/edit/delete/approve=false, if no direct non-empty map or matching role doc; visibility grants no write rights.	Employee-default navigation for My Portal; no action/write rights inferred.	EmployeePortalTab starts at portalSubTab=dashboard; Profile control selects profile. Employee record mapping is described in D-PORTAL-EMPLOYEE-SELF-SERVICE.	src/pages/Dashboard.jsx:321; src/pages/Dashboard.jsx:328-350; src/pages/Dashboard.jsx:628; src/contexts/AuthContext.jsx:81-107
D-ADMIN-attendance_reports	desktop	attendance-reports	role=admin (case-insensitive); shell bypasses module bits.	Visible by role=admin bypass of module predicates; client navigation only.	Expose Attendance Reports; UI filtering only, not an authorization guarantee.	AttendanceTab mounted with defaultSubTab=reports.	src/pages/Dashboard.jsx:322; src/pages/Dashboard.jsx:328-350; src/pages/Dashboard.jsx:608
D-NONADMIN-attendance_reports	desktop	attendance-reports	role.toLowerCase()!=admin; module=Attendance; one-hot view-only/create-only/edit-only/delete-only/approve-only plus all-false control. AuthContext permission sources/fallbacks: src/contexts/AuthContext.jsx:81-98.	Visible iff one mapped module bit view/create/edit/delete/approve is true (Shift Planning also checks alternate ShiftPlanning); all-false hides nav and ?tab=attendance-reports rewrites to ?tab=home. full/export alone are not shell predicates.	Expose or hide Attendance Reports in desktop nav/query state only; no server-side security inference.	AttendanceTab mounted with defaultSubTab=reports.	src/pages/Dashboard.jsx:322; src/pages/Dashboard.jsx:328-350; src/pages/Dashboard.jsx:608; src/pages/Dashboard.jsx:384-402
D-EMPLOYEE-DEFAULT-attendance_reports	desktop	attendance-reports	role=employee; permissions absent/empty; no matching org role document; AuthContext employee defaults apply. A direct stored permission map or matching role document supersedes this fixture.	Visible under AuthContext employee fallback: declared module permissions have view/export=true and create/edit/delete/approve=false, if no direct non-empty map or matching role doc; visibility grants no write rights.	Employee-default navigation for Attendance Reports; no action/write rights inferred.	AttendanceTab mounted with defaultSubTab=reports.	src/pages/Dashboard.jsx:322; src/pages/Dashboard.jsx:328-350; src/pages/Dashboard.jsx:608; src/contexts/AuthContext.jsx:81-107
D-ADMIN-site_reports	desktop	site-reports	role=admin (case-insensitive); shell bypasses module bits.	Visible by role=admin bypass of module predicates; client navigation only.	Expose Site Report; UI filtering only, not an authorization guarantee.	Site Report destination; no separate pathname is declared for this tab ID.	src/pages/Dashboard.jsx:323; src/pages/Dashboard.jsx:328-350; src/pages/Dashboard.jsx:609
D-NONADMIN-site_reports	desktop	site-reports	role.toLowerCase()!=admin; module=Reports; one-hot view-only/create-only/edit-only/delete-only/approve-only plus all-false control. AuthContext permission sources/fallbacks: src/contexts/AuthContext.jsx:81-98.	Visible iff one mapped module bit view/create/edit/delete/approve is true (Shift Planning also checks alternate ShiftPlanning); all-false hides nav and ?tab=site-reports rewrites to ?tab=home. full/export alone are not shell predicates.	Expose or hide Site Report in desktop nav/query state only; no server-side security inference.	Site Report destination; no separate pathname is declared for this tab ID.	src/pages/Dashboard.jsx:323; src/pages/Dashboard.jsx:328-350; src/pages/Dashboard.jsx:609; src/pages/Dashboard.jsx:384-402
D-EMPLOYEE-DEFAULT-site_reports	desktop	site-reports	role=employee; permissions absent/empty; no matching org role document; AuthContext employee defaults apply. A direct stored permission map or matching role document supersedes this fixture.	Visible under AuthContext employee fallback: declared module permissions have view/export=true and create/edit/delete/approve=false, if no direct non-empty map or matching role doc; visibility grants no write rights.	Employee-default navigation for Site Report; no action/write rights inferred.	Site Report destination; no separate pathname is declared for this tab ID.	src/pages/Dashboard.jsx:323; src/pages/Dashboard.jsx:328-350; src/pages/Dashboard.jsx:609; src/contexts/AuthContext.jsx:81-107
D-ADMIN-settings	desktop	settings	role=admin (case-insensitive); shell bypasses module bits.	Visible by role=admin bypass of module predicates; client navigation only.	Expose Settings; UI filtering only, not an authorization guarantee.	Settings destination; no separate pathname is declared for this tab ID.	src/pages/Dashboard.jsx:324; src/pages/Dashboard.jsx:328-350; src/pages/Dashboard.jsx:629
D-NONADMIN-settings	desktop	settings	role.toLowerCase()!=admin; module=Settings; one-hot view-only/create-only/edit-only/delete-only/approve-only plus all-false control. AuthContext permission sources/fallbacks: src/contexts/AuthContext.jsx:81-98.	Visible iff one mapped module bit view/create/edit/delete/approve is true (Shift Planning also checks alternate ShiftPlanning); all-false hides nav and ?tab=settings rewrites to ?tab=home. full/export alone are not shell predicates.	Expose or hide Settings in desktop nav/query state only; no server-side security inference.	Settings destination; no separate pathname is declared for this tab ID.	src/pages/Dashboard.jsx:324; src/pages/Dashboard.jsx:328-350; src/pages/Dashboard.jsx:629; src/pages/Dashboard.jsx:384-402
D-EMPLOYEE-DEFAULT-settings	desktop	settings	role=employee; permissions absent/empty; no matching org role document; AuthContext employee defaults apply. A direct stored permission map or matching role document supersedes this fixture.	Visible under AuthContext employee fallback: declared module permissions have view/export=true and create/edit/delete/approve=false, if no direct non-empty map or matching role doc; visibility grants no write rights.	Employee-default navigation for Settings; no action/write rights inferred.	Settings destination; no separate pathname is declared for this tab ID.	src/pages/Dashboard.jsx:324; src/pages/Dashboard.jsx:328-350; src/pages/Dashboard.jsx:629; src/contexts/AuthContext.jsx:81-107
D-ADMIN-help	desktop	help	role=admin (case-insensitive); shell bypasses module bits.	Visible by role=admin bypass of module predicates; client navigation only.	Expose Help; UI filtering only, not an authorization guarantee.	Help destination; no separate pathname is declared for this tab ID.	src/pages/Dashboard.jsx:325; src/pages/Dashboard.jsx:328-350; src/pages/Dashboard.jsx:630
D-NONADMIN-help	desktop	help	role.toLowerCase()!=admin; module=Settings; one-hot view-only/create-only/edit-only/delete-only/approve-only plus all-false control. AuthContext permission sources/fallbacks: src/contexts/AuthContext.jsx:81-98.	Visible iff one mapped module bit view/create/edit/delete/approve is true (Shift Planning also checks alternate ShiftPlanning); all-false hides nav and ?tab=help rewrites to ?tab=home. full/export alone are not shell predicates.	Expose or hide Help in desktop nav/query state only; no server-side security inference.	Help destination; no separate pathname is declared for this tab ID.	src/pages/Dashboard.jsx:325; src/pages/Dashboard.jsx:328-350; src/pages/Dashboard.jsx:630; src/pages/Dashboard.jsx:384-402
D-EMPLOYEE-DEFAULT-help	desktop	help	role=employee; permissions absent/empty; no matching org role document; AuthContext employee defaults apply. A direct stored permission map or matching role document supersedes this fixture.	Visible under AuthContext employee fallback: declared module permissions have view/export=true and create/edit/delete/approve=false, if no direct non-empty map or matching role doc; visibility grants no write rights.	Employee-default navigation for Help; no action/write rights inferred.	Help destination; no separate pathname is declared for this tab ID.	src/pages/Dashboard.jsx:325; src/pages/Dashboard.jsx:328-350; src/pages/Dashboard.jsx:630; src/contexts/AuthContext.jsx:81-107
M-ADMIN-home	mobile	home	role=admin (case-insensitive); shell bypasses module bits.	Visible in visibleModules by role=admin bypass; renderer still determines the actual branch, including attendance-list mismatch.	Expose Dashboard in mobile module navigation where rendered; UI only.	Home dashboard; fixed bottom Home button always exists; home is removed from categorized tile grid. Registry entry itself uses EmployeePortal predicate.	src/components/MobileDashboard.jsx:369; src/components/MobileDashboard.jsx:401-427; src/components/MobileDashboard.jsx:740-742
M-NONADMIN-home	mobile	home	role.toLowerCase()!=admin; module=EmployeePortal; one-hot view-only/create-only/edit-only/delete-only/approve-only/export-only plus all-false. Exception id=settings requires Settings.view; id=portal bypasses. AuthContext: src/contexts/AuthContext.jsx:81-98.	visibleModules uses EmployeePortal view/create/edit/delete/approve/export; fixed bottom Home is independently always rendered; renderer has no per-tab permission guard.	Expose/filter Dashboard in visibleModules; renderer behavior separately recorded; no security inference.	Home dashboard; fixed bottom Home button always exists; home is removed from categorized tile grid. Registry entry itself uses EmployeePortal predicate.	src/components/MobileDashboard.jsx:369; src/components/MobileDashboard.jsx:401-427; src/components/MobileDashboard.jsx:740-742; src/components/MobileDashboard.jsx:738-789
M-EMPLOYEE-DEFAULT-home	mobile	home	role=employee; permissions absent/empty; no matching org role document; AuthContext employee defaults apply; a direct stored permission map or matching role document supersedes this fixture.	Visible under AuthContext employee fallback: declared module defaults have view/export=true and Settings.view=true; this is not write authorization.	Employee-default navigation for Dashboard; no action/write rights inferred.	Home dashboard; fixed bottom Home button always exists; home is removed from categorized tile grid. Registry entry itself uses EmployeePortal predicate.	src/components/MobileDashboard.jsx:369; src/components/MobileDashboard.jsx:401-427; src/components/MobileDashboard.jsx:740-742; src/contexts/AuthContext.jsx:81-107
M-ADMIN-attendance_list	mobile	attendance-list	role=admin (case-insensitive); shell bypasses module bits.	Visible in visibleModules by role=admin bypass; renderer still determines the actual branch, including attendance-list mismatch.	Expose Attendance in mobile module navigation where rendered; UI only.	Registry ID attendance-list is sent to renderer, but switch has case attendance (not attendance-list), so it falls through to Home. Fixed bottom Attendance uses separate attendance alias and renders AttendanceTab.	src/components/MobileDashboard.jsx:370; src/components/MobileDashboard.jsx:401-427; src/components/MobileDashboard.jsx:738-789 (no attendance-list case)
M-NONADMIN-attendance_list	mobile	attendance-list	role.toLowerCase()!=admin; module=Attendance; one-hot view-only/create-only/edit-only/delete-only/approve-only/export-only plus all-false. Exception id=settings requires Settings.view; id=portal bypasses. AuthContext: src/contexts/AuthContext.jsx:81-98.	Visible in visibleModules iff one mapped module bit view/create/edit/delete/approve/export is true (Shift Planning also checks ShiftPlanning); all-false hides the item. Menu filtering only; no mobile render-time permission denial.	Expose/filter Attendance in visibleModules; renderer behavior separately recorded; no security inference.	Registry ID attendance-list is sent to renderer, but switch has case attendance (not attendance-list), so it falls through to Home. Fixed bottom Attendance uses separate attendance alias and renders AttendanceTab.	src/components/MobileDashboard.jsx:370; src/components/MobileDashboard.jsx:401-427; src/components/MobileDashboard.jsx:738-789 (no attendance-list case); src/components/MobileDashboard.jsx:738-789
M-EMPLOYEE-DEFAULT-attendance_list	mobile	attendance-list	role=employee; permissions absent/empty; no matching org role document; AuthContext employee defaults apply; a direct stored permission map or matching role document supersedes this fixture.	Visible under AuthContext employee fallback: declared module defaults have view/export=true and Settings.view=true; this is not write authorization.	Employee-default navigation for Attendance; no action/write rights inferred.	Registry ID attendance-list is sent to renderer, but switch has case attendance (not attendance-list), so it falls through to Home. Fixed bottom Attendance uses separate attendance alias and renders AttendanceTab.	src/components/MobileDashboard.jsx:370; src/components/MobileDashboard.jsx:401-427; src/components/MobileDashboard.jsx:738-789 (no attendance-list case); src/contexts/AuthContext.jsx:81-107
M-ADMIN-tasks	mobile	tasks	role=admin (case-insensitive); shell bypasses module bits.	Visible in visibleModules by role=admin bypass; renderer still determines the actual branch, including attendance-list mismatch.	Expose Tasks in mobile module navigation where rendered; UI only.	MobileTasksView uses local initial tab team; no tab query is read by MobileDashboard.	src/components/MobileDashboard.jsx:371; src/components/MobileDashboard.jsx:401-427; src/components/MobileDashboard.jsx:756-757
M-NONADMIN-tasks	mobile	tasks	role.toLowerCase()!=admin; module=Tasks; one-hot view-only/create-only/edit-only/delete-only/approve-only/export-only plus all-false. Exception id=settings requires Settings.view; id=portal bypasses. AuthContext: src/contexts/AuthContext.jsx:81-98.	Visible in visibleModules iff one mapped module bit view/create/edit/delete/approve/export is true (Shift Planning also checks ShiftPlanning); all-false hides the item. Menu filtering only; no mobile render-time permission denial.	Expose/filter Tasks in visibleModules; renderer behavior separately recorded; no security inference.	MobileTasksView uses local initial tab team; no tab query is read by MobileDashboard.	src/components/MobileDashboard.jsx:371; src/components/MobileDashboard.jsx:401-427; src/components/MobileDashboard.jsx:756-757; src/components/MobileDashboard.jsx:738-789
M-EMPLOYEE-DEFAULT-tasks	mobile	tasks	role=employee; permissions absent/empty; no matching org role document; AuthContext employee defaults apply; a direct stored permission map or matching role document supersedes this fixture.	Visible under AuthContext employee fallback: declared module defaults have view/export=true and Settings.view=true; this is not write authorization.	Employee-default navigation for Tasks; no action/write rights inferred.	MobileTasksView uses local initial tab team; no tab query is read by MobileDashboard.	src/components/MobileDashboard.jsx:371; src/components/MobileDashboard.jsx:401-427; src/components/MobileDashboard.jsx:756-757; src/contexts/AuthContext.jsx:81-107
M-ADMIN-employees	mobile	employees	role=admin (case-insensitive); shell bypasses module bits.	Visible in visibleModules by role=admin bypass; renderer still determines the actual branch, including attendance-list mismatch.	Expose Employees in mobile module navigation where rendered; UI only.	Employees selected via local activeTab; module permission key is Employees.	src/components/MobileDashboard.jsx:374; src/components/MobileDashboard.jsx:401-427; src/components/MobileDashboard.jsx:742-743
M-NONADMIN-employees	mobile	employees	role.toLowerCase()!=admin; module=Employees; one-hot view-only/create-only/edit-only/delete-only/approve-only/export-only plus all-false. Exception id=settings requires Settings.view; id=portal bypasses. AuthContext: src/contexts/AuthContext.jsx:81-98.	Visible in visibleModules iff one mapped module bit view/create/edit/delete/approve/export is true (Shift Planning also checks ShiftPlanning); all-false hides the item. Menu filtering only; no mobile render-time permission denial.	Expose/filter Employees in visibleModules; renderer behavior separately recorded; no security inference.	Employees selected via local activeTab; module permission key is Employees.	src/components/MobileDashboard.jsx:374; src/components/MobileDashboard.jsx:401-427; src/components/MobileDashboard.jsx:742-743; src/components/MobileDashboard.jsx:738-789
M-EMPLOYEE-DEFAULT-employees	mobile	employees	role=employee; permissions absent/empty; no matching org role document; AuthContext employee defaults apply; a direct stored permission map or matching role document supersedes this fixture.	Visible under AuthContext employee fallback: declared module defaults have view/export=true and Settings.view=true; this is not write authorization.	Employee-default navigation for Employees; no action/write rights inferred.	Employees selected via local activeTab; module permission key is Employees.	src/components/MobileDashboard.jsx:374; src/components/MobileDashboard.jsx:401-427; src/components/MobileDashboard.jsx:742-743; src/contexts/AuthContext.jsx:81-107
M-ADMIN-correction	mobile	correction	role=admin (case-insensitive); shell bypasses module bits.	Visible in visibleModules by role=admin bypass; renderer still determines the actual branch, including attendance-list mismatch.	Expose Correction in mobile module navigation where rendered; UI only.	Correction selected via local activeTab; module permission key is Correction.	src/components/MobileDashboard.jsx:375; src/components/MobileDashboard.jsx:401-427; src/components/MobileDashboard.jsx:748-749
M-NONADMIN-correction	mobile	correction	role.toLowerCase()!=admin; module=Correction; one-hot view-only/create-only/edit-only/delete-only/approve-only/export-only plus all-false. Exception id=settings requires Settings.view; id=portal bypasses. AuthContext: src/contexts/AuthContext.jsx:81-98.	Visible in visibleModules iff one mapped module bit view/create/edit/delete/approve/export is true (Shift Planning also checks ShiftPlanning); all-false hides the item. Menu filtering only; no mobile render-time permission denial.	Expose/filter Correction in visibleModules; renderer behavior separately recorded; no security inference.	Correction selected via local activeTab; module permission key is Correction.	src/components/MobileDashboard.jsx:375; src/components/MobileDashboard.jsx:401-427; src/components/MobileDashboard.jsx:748-749; src/components/MobileDashboard.jsx:738-789
M-EMPLOYEE-DEFAULT-correction	mobile	correction	role=employee; permissions absent/empty; no matching org role document; AuthContext employee defaults apply; a direct stored permission map or matching role document supersedes this fixture.	Visible under AuthContext employee fallback: declared module defaults have view/export=true and Settings.view=true; this is not write authorization.	Employee-default navigation for Correction; no action/write rights inferred.	Correction selected via local activeTab; module permission key is Correction.	src/components/MobileDashboard.jsx:375; src/components/MobileDashboard.jsx:401-427; src/components/MobileDashboard.jsx:748-749; src/contexts/AuthContext.jsx:81-107
M-ADMIN-leave	mobile	leave	role=admin (case-insensitive); shell bypasses module bits.	Visible in visibleModules by role=admin bypass; renderer still determines the actual branch, including attendance-list mismatch.	Expose Leave in mobile module navigation where rendered; UI only.	Leave selected via local activeTab; module permission key is Leave.	src/components/MobileDashboard.jsx:376; src/components/MobileDashboard.jsx:401-427; src/components/MobileDashboard.jsx:750-751
M-NONADMIN-leave	mobile	leave	role.toLowerCase()!=admin; module=Leave; one-hot view-only/create-only/edit-only/delete-only/approve-only/export-only plus all-false. Exception id=settings requires Settings.view; id=portal bypasses. AuthContext: src/contexts/AuthContext.jsx:81-98.	Visible in visibleModules iff one mapped module bit view/create/edit/delete/approve/export is true (Shift Planning also checks ShiftPlanning); all-false hides the item. Menu filtering only; no mobile render-time permission denial.	Expose/filter Leave in visibleModules; renderer behavior separately recorded; no security inference.	Leave selected via local activeTab; module permission key is Leave.	src/components/MobileDashboard.jsx:376; src/components/MobileDashboard.jsx:401-427; src/components/MobileDashboard.jsx:750-751; src/components/MobileDashboard.jsx:738-789
M-EMPLOYEE-DEFAULT-leave	mobile	leave	role=employee; permissions absent/empty; no matching org role document; AuthContext employee defaults apply; a direct stored permission map or matching role document supersedes this fixture.	Visible under AuthContext employee fallback: declared module defaults have view/export=true and Settings.view=true; this is not write authorization.	Employee-default navigation for Leave; no action/write rights inferred.	Leave selected via local activeTab; module permission key is Leave.	src/components/MobileDashboard.jsx:376; src/components/MobileDashboard.jsx:401-427; src/components/MobileDashboard.jsx:750-751; src/contexts/AuthContext.jsx:81-107
M-ADMIN-approvals	mobile	approvals	role=admin (case-insensitive); shell bypasses module bits.	Visible in visibleModules by role=admin bypass; renderer still determines the actual branch, including attendance-list mismatch.	Expose Approvals in mobile module navigation where rendered; UI only.	Approvals selected via local activeTab; module permission key is Approvals.	src/components/MobileDashboard.jsx:377; src/components/MobileDashboard.jsx:401-427; src/components/MobileDashboard.jsx:752-753
M-NONADMIN-approvals	mobile	approvals	role.toLowerCase()!=admin; module=Approvals; one-hot view-only/create-only/edit-only/delete-only/approve-only/export-only plus all-false. Exception id=settings requires Settings.view; id=portal bypasses. AuthContext: src/contexts/AuthContext.jsx:81-98.	Visible in visibleModules iff one mapped module bit view/create/edit/delete/approve/export is true (Shift Planning also checks ShiftPlanning); all-false hides the item. Menu filtering only; no mobile render-time permission denial.	Expose/filter Approvals in visibleModules; renderer behavior separately recorded; no security inference.	Approvals selected via local activeTab; module permission key is Approvals.	src/components/MobileDashboard.jsx:377; src/components/MobileDashboard.jsx:401-427; src/components/MobileDashboard.jsx:752-753; src/components/MobileDashboard.jsx:738-789
M-EMPLOYEE-DEFAULT-approvals	mobile	approvals	role=employee; permissions absent/empty; no matching org role document; AuthContext employee defaults apply; a direct stored permission map or matching role document supersedes this fixture.	Visible under AuthContext employee fallback: declared module defaults have view/export=true and Settings.view=true; this is not write authorization.	Employee-default navigation for Approvals; no action/write rights inferred.	Approvals selected via local activeTab; module permission key is Approvals.	src/components/MobileDashboard.jsx:377; src/components/MobileDashboard.jsx:401-427; src/components/MobileDashboard.jsx:752-753; src/contexts/AuthContext.jsx:81-107
M-ADMIN-letters	mobile	letters	role=admin (case-insensitive); shell bypasses module bits.	Visible in visibleModules by role=admin bypass; renderer still determines the actual branch, including attendance-list mismatch.	Expose HR Communications in mobile module navigation where rendered; UI only.	HR Communications selected via local activeTab; module permission key is HRLetters.	src/components/MobileDashboard.jsx:378; src/components/MobileDashboard.jsx:401-427; src/components/MobileDashboard.jsx:754-755
M-NONADMIN-letters	mobile	letters	role.toLowerCase()!=admin; module=HRLetters; one-hot view-only/create-only/edit-only/delete-only/approve-only/export-only plus all-false. Exception id=settings requires Settings.view; id=portal bypasses. AuthContext: src/contexts/AuthContext.jsx:81-98.	Visible in visibleModules iff one mapped module bit view/create/edit/delete/approve/export is true (Shift Planning also checks ShiftPlanning); all-false hides the item. Menu filtering only; no mobile render-time permission denial.	Expose/filter HR Communications in visibleModules; renderer behavior separately recorded; no security inference.	HR Communications selected via local activeTab; module permission key is HRLetters.	src/components/MobileDashboard.jsx:378; src/components/MobileDashboard.jsx:401-427; src/components/MobileDashboard.jsx:754-755; src/components/MobileDashboard.jsx:738-789
M-EMPLOYEE-DEFAULT-letters	mobile	letters	role=employee; permissions absent/empty; no matching org role document; AuthContext employee defaults apply; a direct stored permission map or matching role document supersedes this fixture.	Visible under AuthContext employee fallback: declared module defaults have view/export=true and Settings.view=true; this is not write authorization.	Employee-default navigation for HR Communications; no action/write rights inferred.	HR Communications selected via local activeTab; module permission key is HRLetters.	src/components/MobileDashboard.jsx:378; src/components/MobileDashboard.jsx:401-427; src/components/MobileDashboard.jsx:754-755; src/contexts/AuthContext.jsx:81-107
M-ADMIN-documents	mobile	documents	role=admin (case-insensitive); shell bypasses module bits.	Visible in visibleModules by role=admin bypass; renderer still determines the actual branch, including attendance-list mismatch.	Expose Documents in mobile module navigation where rendered; UI only.	Documents selected via local activeTab; module permission key is DocumentManagement.	src/components/MobileDashboard.jsx:379; src/components/MobileDashboard.jsx:401-427; src/components/MobileDashboard.jsx:760-761
M-NONADMIN-documents	mobile	documents	role.toLowerCase()!=admin; module=DocumentManagement; one-hot view-only/create-only/edit-only/delete-only/approve-only/export-only plus all-false. Exception id=settings requires Settings.view; id=portal bypasses. AuthContext: src/contexts/AuthContext.jsx:81-98.	Visible in visibleModules iff one mapped module bit view/create/edit/delete/approve/export is true (Shift Planning also checks ShiftPlanning); all-false hides the item. Menu filtering only; no mobile render-time permission denial.	Expose/filter Documents in visibleModules; renderer behavior separately recorded; no security inference.	Documents selected via local activeTab; module permission key is DocumentManagement.	src/components/MobileDashboard.jsx:379; src/components/MobileDashboard.jsx:401-427; src/components/MobileDashboard.jsx:760-761; src/components/MobileDashboard.jsx:738-789
M-EMPLOYEE-DEFAULT-documents	mobile	documents	role=employee; permissions absent/empty; no matching org role document; AuthContext employee defaults apply; a direct stored permission map or matching role document supersedes this fixture.	Visible under AuthContext employee fallback: declared module defaults have view/export=true and Settings.view=true; this is not write authorization.	Employee-default navigation for Documents; no action/write rights inferred.	Documents selected via local activeTab; module permission key is DocumentManagement.	src/components/MobileDashboard.jsx:379; src/components/MobileDashboard.jsx:401-427; src/components/MobileDashboard.jsx:760-761; src/contexts/AuthContext.jsx:81-107
M-ADMIN-summary	mobile	summary	role=admin (case-insensitive); shell bypasses module bits.	Visible in visibleModules by role=admin bypass; renderer still determines the actual branch, including attendance-list mismatch.	Expose Summary in mobile module navigation where rendered; UI only.	Summary selected via local activeTab; module permission key is Summary.	src/components/MobileDashboard.jsx:380; src/components/MobileDashboard.jsx:401-427; src/components/MobileDashboard.jsx:762-763
M-NONADMIN-summary	mobile	summary	role.toLowerCase()!=admin; module=Summary; one-hot view-only/create-only/edit-only/delete-only/approve-only/export-only plus all-false. Exception id=settings requires Settings.view; id=portal bypasses. AuthContext: src/contexts/AuthContext.jsx:81-98.	Visible in visibleModules iff one mapped module bit view/create/edit/delete/approve/export is true (Shift Planning also checks ShiftPlanning); all-false hides the item. Menu filtering only; no mobile render-time permission denial.	Expose/filter Summary in visibleModules; renderer behavior separately recorded; no security inference.	Summary selected via local activeTab; module permission key is Summary.	src/components/MobileDashboard.jsx:380; src/components/MobileDashboard.jsx:401-427; src/components/MobileDashboard.jsx:762-763; src/components/MobileDashboard.jsx:738-789
M-EMPLOYEE-DEFAULT-summary	mobile	summary	role=employee; permissions absent/empty; no matching org role document; AuthContext employee defaults apply; a direct stored permission map or matching role document supersedes this fixture.	Visible under AuthContext employee fallback: declared module defaults have view/export=true and Settings.view=true; this is not write authorization.	Employee-default navigation for Summary; no action/write rights inferred.	Summary selected via local activeTab; module permission key is Summary.	src/components/MobileDashboard.jsx:380; src/components/MobileDashboard.jsx:401-427; src/components/MobileDashboard.jsx:762-763; src/contexts/AuthContext.jsx:81-107
M-ADMIN-recruitment	mobile	recruitment	role=admin (case-insensitive); shell bypasses module bits.	Visible in visibleModules by role=admin bypass; renderer still determines the actual branch, including attendance-list mismatch.	Expose Recruitment in mobile module navigation where rendered; UI only.	Recruitment selected via local activeTab; module permission key is Recruitment.	src/components/MobileDashboard.jsx:381; src/components/MobileDashboard.jsx:401-427; src/components/MobileDashboard.jsx:758-759
M-NONADMIN-recruitment	mobile	recruitment	role.toLowerCase()!=admin; module=Recruitment; one-hot view-only/create-only/edit-only/delete-only/approve-only/export-only plus all-false. Exception id=settings requires Settings.view; id=portal bypasses. AuthContext: src/contexts/AuthContext.jsx:81-98.	Visible in visibleModules iff one mapped module bit view/create/edit/delete/approve/export is true (Shift Planning also checks ShiftPlanning); all-false hides the item. Menu filtering only; no mobile render-time permission denial.	Expose/filter Recruitment in visibleModules; renderer behavior separately recorded; no security inference.	Recruitment selected via local activeTab; module permission key is Recruitment.	src/components/MobileDashboard.jsx:381; src/components/MobileDashboard.jsx:401-427; src/components/MobileDashboard.jsx:758-759; src/components/MobileDashboard.jsx:738-789
M-EMPLOYEE-DEFAULT-recruitment	mobile	recruitment	role=employee; permissions absent/empty; no matching org role document; AuthContext employee defaults apply; a direct stored permission map or matching role document supersedes this fixture.	Visible under AuthContext employee fallback: declared module defaults have view/export=true and Settings.view=true; this is not write authorization.	Employee-default navigation for Recruitment; no action/write rights inferred.	Recruitment selected via local activeTab; module permission key is Recruitment.	src/components/MobileDashboard.jsx:381; src/components/MobileDashboard.jsx:401-427; src/components/MobileDashboard.jsx:758-759; src/contexts/AuthContext.jsx:81-107
M-ADMIN-advance	mobile	advance	role=admin (case-insensitive); shell bypasses module bits.	Visible in visibleModules by role=admin bypass; renderer still determines the actual branch, including attendance-list mismatch.	Expose Advances in mobile module navigation where rendered; UI only.	Advances selected via local activeTab; module permission key is AdvanceExpense.	src/components/MobileDashboard.jsx:384; src/components/MobileDashboard.jsx:401-427; src/components/MobileDashboard.jsx:766-767
M-NONADMIN-advance	mobile	advance	role.toLowerCase()!=admin; module=AdvanceExpense; one-hot view-only/create-only/edit-only/delete-only/approve-only/export-only plus all-false. Exception id=settings requires Settings.view; id=portal bypasses. AuthContext: src/contexts/AuthContext.jsx:81-98.	Visible in visibleModules iff one mapped module bit view/create/edit/delete/approve/export is true (Shift Planning also checks ShiftPlanning); all-false hides the item. Menu filtering only; no mobile render-time permission denial.	Expose/filter Advances in visibleModules; renderer behavior separately recorded; no security inference.	Advances selected via local activeTab; module permission key is AdvanceExpense.	src/components/MobileDashboard.jsx:384; src/components/MobileDashboard.jsx:401-427; src/components/MobileDashboard.jsx:766-767; src/components/MobileDashboard.jsx:738-789
M-EMPLOYEE-DEFAULT-advance	mobile	advance	role=employee; permissions absent/empty; no matching org role document; AuthContext employee defaults apply; a direct stored permission map or matching role document supersedes this fixture.	Visible under AuthContext employee fallback: declared module defaults have view/export=true and Settings.view=true; this is not write authorization.	Employee-default navigation for Advances; no action/write rights inferred.	Advances selected via local activeTab; module permission key is AdvanceExpense.	src/components/MobileDashboard.jsx:384; src/components/MobileDashboard.jsx:401-427; src/components/MobileDashboard.jsx:766-767; src/contexts/AuthContext.jsx:81-107
M-ADMIN-salary_slip	mobile	salary-slip	role=admin (case-insensitive); shell bypasses module bits.	Visible in visibleModules by role=admin bypass; renderer still determines the actual branch, including attendance-list mismatch.	Expose Payroll in mobile module navigation where rendered; UI only.	Payroll selected via local activeTab; module permission key is SalarySlip.	src/components/MobileDashboard.jsx:385; src/components/MobileDashboard.jsx:401-427; src/components/MobileDashboard.jsx:764-765
M-NONADMIN-salary_slip	mobile	salary-slip	role.toLowerCase()!=admin; module=SalarySlip; one-hot view-only/create-only/edit-only/delete-only/approve-only/export-only plus all-false. Exception id=settings requires Settings.view; id=portal bypasses. AuthContext: src/contexts/AuthContext.jsx:81-98.	Visible in visibleModules iff one mapped module bit view/create/edit/delete/approve/export is true (Shift Planning also checks ShiftPlanning); all-false hides the item. Menu filtering only; no mobile render-time permission denial.	Expose/filter Payroll in visibleModules; renderer behavior separately recorded; no security inference.	Payroll selected via local activeTab; module permission key is SalarySlip.	src/components/MobileDashboard.jsx:385; src/components/MobileDashboard.jsx:401-427; src/components/MobileDashboard.jsx:764-765; src/components/MobileDashboard.jsx:738-789
M-EMPLOYEE-DEFAULT-salary_slip	mobile	salary-slip	role=employee; permissions absent/empty; no matching org role document; AuthContext employee defaults apply; a direct stored permission map or matching role document supersedes this fixture.	Visible under AuthContext employee fallback: declared module defaults have view/export=true and Settings.view=true; this is not write authorization.	Employee-default navigation for Payroll; no action/write rights inferred.	Payroll selected via local activeTab; module permission key is SalarySlip.	src/components/MobileDashboard.jsx:385; src/components/MobileDashboard.jsx:401-427; src/components/MobileDashboard.jsx:764-765; src/contexts/AuthContext.jsx:81-107
M-ADMIN-fines	mobile	fines	role=admin (case-insensitive); shell bypasses module bits.	Visible in visibleModules by role=admin bypass; renderer still determines the actual branch, including attendance-list mismatch.	Expose Fines in mobile module navigation where rendered; UI only.	Fines selected via local activeTab; module permission key is Fine.	src/components/MobileDashboard.jsx:386; src/components/MobileDashboard.jsx:401-427; src/components/MobileDashboard.jsx:768-769
M-NONADMIN-fines	mobile	fines	role.toLowerCase()!=admin; module=Fine; one-hot view-only/create-only/edit-only/delete-only/approve-only/export-only plus all-false. Exception id=settings requires Settings.view; id=portal bypasses. AuthContext: src/contexts/AuthContext.jsx:81-98.	Visible in visibleModules iff one mapped module bit view/create/edit/delete/approve/export is true (Shift Planning also checks ShiftPlanning); all-false hides the item. Menu filtering only; no mobile render-time permission denial.	Expose/filter Fines in visibleModules; renderer behavior separately recorded; no security inference.	Fines selected via local activeTab; module permission key is Fine.	src/components/MobileDashboard.jsx:386; src/components/MobileDashboard.jsx:401-427; src/components/MobileDashboard.jsx:768-769; src/components/MobileDashboard.jsx:738-789
M-EMPLOYEE-DEFAULT-fines	mobile	fines	role=employee; permissions absent/empty; no matching org role document; AuthContext employee defaults apply; a direct stored permission map or matching role document supersedes this fixture.	Visible under AuthContext employee fallback: declared module defaults have view/export=true and Settings.view=true; this is not write authorization.	Employee-default navigation for Fines; no action/write rights inferred.	Fines selected via local activeTab; module permission key is Fine.	src/components/MobileDashboard.jsx:386; src/components/MobileDashboard.jsx:401-427; src/components/MobileDashboard.jsx:768-769; src/contexts/AuthContext.jsx:81-107
M-ADMIN-vehicles	mobile	vehicles	role=admin (case-insensitive); shell bypasses module bits.	Visible in visibleModules by role=admin bypass; renderer still determines the actual branch, including attendance-list mismatch.	Expose Vehicles in mobile module navigation where rendered; UI only.	Plural mobile ID vehicles; admin renders VehicleManagementTab; non-admin renders EmployeeVehiclePortal with currentEmployee.id or null.	src/components/MobileDashboard.jsx:389; src/components/MobileDashboard.jsx:401-427; src/components/MobileDashboard.jsx:776-779
M-NONADMIN-vehicles	mobile	vehicles	role.toLowerCase()!=admin; module=Vehicle; one-hot view-only/create-only/edit-only/delete-only/approve-only/export-only plus all-false. Exception id=settings requires Settings.view; id=portal bypasses. AuthContext: src/contexts/AuthContext.jsx:81-98.	Visible in visibleModules iff one mapped module bit view/create/edit/delete/approve/export is true (Shift Planning also checks ShiftPlanning); all-false hides the item. Menu filtering only; no mobile render-time permission denial.	Expose/filter Vehicles in visibleModules; renderer behavior separately recorded; no security inference.	Plural mobile ID vehicles; admin renders VehicleManagementTab; non-admin renders EmployeeVehiclePortal with currentEmployee.id or null.	src/components/MobileDashboard.jsx:389; src/components/MobileDashboard.jsx:401-427; src/components/MobileDashboard.jsx:776-779; src/components/MobileDashboard.jsx:738-789
M-EMPLOYEE-DEFAULT-vehicles	mobile	vehicles	role=employee; permissions absent/empty; no matching org role document; AuthContext employee defaults apply; a direct stored permission map or matching role document supersedes this fixture.	Visible under AuthContext employee fallback: declared module defaults have view/export=true and Settings.view=true; this is not write authorization.	Employee-default navigation for Vehicles; no action/write rights inferred.	Plural mobile ID vehicles; admin renders VehicleManagementTab; non-admin renders EmployeeVehiclePortal with currentEmployee.id or null.	src/components/MobileDashboard.jsx:389; src/components/MobileDashboard.jsx:401-427; src/components/MobileDashboard.jsx:776-779; src/contexts/AuthContext.jsx:81-107
M-ADMIN-engage	mobile	engage	role=admin (case-insensitive); shell bypasses module bits.	Visible in visibleModules by role=admin bypass; renderer still determines the actual branch, including attendance-list mismatch.	Expose Engage in mobile module navigation where rendered; UI only.	Engage selected via local activeTab; module permission key is Engagement.	src/components/MobileDashboard.jsx:390; src/components/MobileDashboard.jsx:401-427; src/components/MobileDashboard.jsx:770-771
M-NONADMIN-engage	mobile	engage	role.toLowerCase()!=admin; module=Engagement; one-hot view-only/create-only/edit-only/delete-only/approve-only/export-only plus all-false. Exception id=settings requires Settings.view; id=portal bypasses. AuthContext: src/contexts/AuthContext.jsx:81-98.	Visible in visibleModules iff one mapped module bit view/create/edit/delete/approve/export is true (Shift Planning also checks ShiftPlanning); all-false hides the item. Menu filtering only; no mobile render-time permission denial.	Expose/filter Engage in visibleModules; renderer behavior separately recorded; no security inference.	Engage selected via local activeTab; module permission key is Engagement.	src/components/MobileDashboard.jsx:390; src/components/MobileDashboard.jsx:401-427; src/components/MobileDashboard.jsx:770-771; src/components/MobileDashboard.jsx:738-789
M-EMPLOYEE-DEFAULT-engage	mobile	engage	role=employee; permissions absent/empty; no matching org role document; AuthContext employee defaults apply; a direct stored permission map or matching role document supersedes this fixture.	Visible under AuthContext employee fallback: declared module defaults have view/export=true and Settings.view=true; this is not write authorization.	Employee-default navigation for Engage; no action/write rights inferred.	Engage selected via local activeTab; module permission key is Engagement.	src/components/MobileDashboard.jsx:390; src/components/MobileDashboard.jsx:401-427; src/components/MobileDashboard.jsx:770-771; src/contexts/AuthContext.jsx:81-107
M-ADMIN-chat	mobile	chat	role=admin (case-insensitive); shell bypasses module bits.	Visible in visibleModules by role=admin bypass; renderer still determines the actual branch, including attendance-list mismatch.	Expose Team Chat in mobile module navigation where rendered; UI only.	Distinct mobile Team Chat route using Engagement and unread-chat badge; unlike desktop chat, it remains in mobile visibleModules.	src/components/MobileDashboard.jsx:391; src/components/MobileDashboard.jsx:401-427; src/components/MobileDashboard.jsx:772-773
M-NONADMIN-chat	mobile	chat	role.toLowerCase()!=admin; module=Engagement; one-hot view-only/create-only/edit-only/delete-only/approve-only/export-only plus all-false. Exception id=settings requires Settings.view; id=portal bypasses. AuthContext: src/contexts/AuthContext.jsx:81-98.	Visible in visibleModules iff one mapped module bit view/create/edit/delete/approve/export is true (Shift Planning also checks ShiftPlanning); all-false hides the item. Menu filtering only; no mobile render-time permission denial.	Expose/filter Team Chat in visibleModules; renderer behavior separately recorded; no security inference.	Distinct mobile Team Chat route using Engagement and unread-chat badge; unlike desktop chat, it remains in mobile visibleModules.	src/components/MobileDashboard.jsx:391; src/components/MobileDashboard.jsx:401-427; src/components/MobileDashboard.jsx:772-773; src/components/MobileDashboard.jsx:738-789
M-EMPLOYEE-DEFAULT-chat	mobile	chat	role=employee; permissions absent/empty; no matching org role document; AuthContext employee defaults apply; a direct stored permission map or matching role document supersedes this fixture.	Visible under AuthContext employee fallback: declared module defaults have view/export=true and Settings.view=true; this is not write authorization.	Employee-default navigation for Team Chat; no action/write rights inferred.	Distinct mobile Team Chat route using Engagement and unread-chat badge; unlike desktop chat, it remains in mobile visibleModules.	src/components/MobileDashboard.jsx:391; src/components/MobileDashboard.jsx:401-427; src/components/MobileDashboard.jsx:772-773; src/contexts/AuthContext.jsx:81-107
M-ADMIN-shift_planning	mobile	shift-planning	role=admin (case-insensitive); shell bypasses module bits.	Visible in visibleModules by role=admin bypass; renderer still determines the actual branch, including attendance-list mismatch.	Expose Shift Planning in mobile module navigation where rendered; UI only.	Shift Planning selected via local activeTab; module permission key is Shifts|ShiftPlanning.	src/components/MobileDashboard.jsx:392; src/components/MobileDashboard.jsx:401-427; src/components/MobileDashboard.jsx:774-775
M-NONADMIN-shift_planning	mobile	shift-planning	role.toLowerCase()!=admin; module=Shifts|ShiftPlanning; one-hot view-only/create-only/edit-only/delete-only/approve-only/export-only plus all-false. Exception id=settings requires Settings.view; id=portal bypasses. AuthContext: src/contexts/AuthContext.jsx:81-98.	Visible in visibleModules iff one mapped module bit view/create/edit/delete/approve/export is true (Shift Planning also checks ShiftPlanning); all-false hides the item. Menu filtering only; no mobile render-time permission denial.	Expose/filter Shift Planning in visibleModules; renderer behavior separately recorded; no security inference.	Shift Planning selected via local activeTab; module permission key is Shifts|ShiftPlanning.	src/components/MobileDashboard.jsx:392; src/components/MobileDashboard.jsx:401-427; src/components/MobileDashboard.jsx:774-775; src/components/MobileDashboard.jsx:738-789
M-EMPLOYEE-DEFAULT-shift_planning	mobile	shift-planning	role=employee; permissions absent/empty; no matching org role document; AuthContext employee defaults apply; a direct stored permission map or matching role document supersedes this fixture.	Visible under AuthContext employee fallback: declared module defaults have view/export=true and Settings.view=true; this is not write authorization.	Employee-default navigation for Shift Planning; no action/write rights inferred.	Shift Planning selected via local activeTab; module permission key is Shifts|ShiftPlanning.	src/components/MobileDashboard.jsx:392; src/components/MobileDashboard.jsx:401-427; src/components/MobileDashboard.jsx:774-775; src/contexts/AuthContext.jsx:81-107
M-ADMIN-portal	mobile	portal	role=admin (case-insensitive); shell bypasses module bits.	Visible in visibleModules by role=admin bypass; renderer still determines the actual branch, including attendance-list mismatch.	Expose My Portal in mobile module navigation where rendered; UI only.	Portal is unconditionally retained; MobileEmployeePortal has local dashboard/attendance/requests/salary/profile tabs.	src/components/MobileDashboard.jsx:395; src/components/MobileDashboard.jsx:401-427; src/components/MobileDashboard.jsx:780-781
M-NONADMIN-portal	mobile	portal	role.toLowerCase()!=admin; module=EmployeePortal; one-hot view-only/create-only/edit-only/delete-only/approve-only/export-only plus all-false. Exception id=settings requires Settings.view; id=portal bypasses. AuthContext: src/contexts/AuthContext.jsx:81-98.	Visible after sign-in regardless of module permission (portal exception).	Expose/filter My Portal in visibleModules; renderer behavior separately recorded; no security inference.	Portal is unconditionally retained; MobileEmployeePortal has local dashboard/attendance/requests/salary/profile tabs.	src/components/MobileDashboard.jsx:395; src/components/MobileDashboard.jsx:401-427; src/components/MobileDashboard.jsx:780-781; src/components/MobileDashboard.jsx:738-789
M-EMPLOYEE-DEFAULT-portal	mobile	portal	role=employee; permissions absent/empty; no matching org role document; AuthContext employee defaults apply; a direct stored permission map or matching role document supersedes this fixture.	Visible under AuthContext employee fallback: declared module defaults have view/export=true and Settings.view=true; this is not write authorization.	Employee-default navigation for My Portal; no action/write rights inferred.	Portal is unconditionally retained; MobileEmployeePortal has local dashboard/attendance/requests/salary/profile tabs.	src/components/MobileDashboard.jsx:395; src/components/MobileDashboard.jsx:401-427; src/components/MobileDashboard.jsx:780-781; src/contexts/AuthContext.jsx:81-107
M-ADMIN-attendance_reports	mobile	attendance-reports	role=admin (case-insensitive); shell bypasses module bits.	Visible in visibleModules by role=admin bypass; renderer still determines the actual branch, including attendance-list mismatch.	Expose Attendance Reports in mobile module navigation where rendered; UI only.	AttendanceTab defaultSubTab=reports.	src/components/MobileDashboard.jsx:396; src/components/MobileDashboard.jsx:401-427; src/components/MobileDashboard.jsx:746-747
M-NONADMIN-attendance_reports	mobile	attendance-reports	role.toLowerCase()!=admin; module=Attendance; one-hot view-only/create-only/edit-only/delete-only/approve-only/export-only plus all-false. Exception id=settings requires Settings.view; id=portal bypasses. AuthContext: src/contexts/AuthContext.jsx:81-98.	Visible in visibleModules iff one mapped module bit view/create/edit/delete/approve/export is true (Shift Planning also checks ShiftPlanning); all-false hides the item. Menu filtering only; no mobile render-time permission denial.	Expose/filter Attendance Reports in visibleModules; renderer behavior separately recorded; no security inference.	AttendanceTab defaultSubTab=reports.	src/components/MobileDashboard.jsx:396; src/components/MobileDashboard.jsx:401-427; src/components/MobileDashboard.jsx:746-747; src/components/MobileDashboard.jsx:738-789
M-EMPLOYEE-DEFAULT-attendance_reports	mobile	attendance-reports	role=employee; permissions absent/empty; no matching org role document; AuthContext employee defaults apply; a direct stored permission map or matching role document supersedes this fixture.	Visible under AuthContext employee fallback: declared module defaults have view/export=true and Settings.view=true; this is not write authorization.	Employee-default navigation for Attendance Reports; no action/write rights inferred.	AttendanceTab defaultSubTab=reports.	src/components/MobileDashboard.jsx:396; src/components/MobileDashboard.jsx:401-427; src/components/MobileDashboard.jsx:746-747; src/contexts/AuthContext.jsx:81-107
M-ADMIN-settings	mobile	settings	role=admin (case-insensitive); shell bypasses module bits.	Visible in visibleModules by role=admin bypass; renderer still determines the actual branch, including attendance-list mismatch.	Expose Settings in mobile module navigation where rendered; UI only.	Special mobile shell gate: Settings.view===true; create/edit/delete/approve/export alone do not expose this ID.	src/components/MobileDashboard.jsx:397; src/components/MobileDashboard.jsx:401-427; src/components/MobileDashboard.jsx:782-783
M-NONADMIN-settings	mobile	settings	role.toLowerCase()!=admin; module=Settings; one-hot view-only/create-only/edit-only/delete-only/approve-only/export-only plus all-false. Exception id=settings requires Settings.view; id=portal bypasses. AuthContext: src/contexts/AuthContext.jsx:81-98.	Visible only if Settings.view===true; other Settings rights and generic mobile export predicate are ignored for this ID.	Expose/filter Settings in visibleModules; renderer behavior separately recorded; no security inference.	Special mobile shell gate: Settings.view===true; create/edit/delete/approve/export alone do not expose this ID.	src/components/MobileDashboard.jsx:397; src/components/MobileDashboard.jsx:401-427; src/components/MobileDashboard.jsx:782-783; src/components/MobileDashboard.jsx:738-789
M-EMPLOYEE-DEFAULT-settings	mobile	settings	role=employee; permissions absent/empty; no matching org role document; AuthContext employee defaults apply; a direct stored permission map or matching role document supersedes this fixture.	Visible under AuthContext employee fallback: declared module defaults have view/export=true and Settings.view=true; this is not write authorization.	Employee-default navigation for Settings; no action/write rights inferred.	Special mobile shell gate: Settings.view===true; create/edit/delete/approve/export alone do not expose this ID.	src/components/MobileDashboard.jsx:397; src/components/MobileDashboard.jsx:401-427; src/components/MobileDashboard.jsx:782-783; src/contexts/AuthContext.jsx:81-107
M-ADMIN-help	mobile	help	role=admin (case-insensitive); shell bypasses module bits.	Visible in visibleModules by role=admin bypass; renderer still determines the actual branch, including attendance-list mismatch.	Expose Help in mobile module navigation where rendered; UI only.	Help selected via local activeTab; module permission key is Settings.	src/components/MobileDashboard.jsx:398; src/components/MobileDashboard.jsx:401-427; src/components/MobileDashboard.jsx:784-785
M-NONADMIN-help	mobile	help	role.toLowerCase()!=admin; module=Settings; one-hot view-only/create-only/edit-only/delete-only/approve-only/export-only plus all-false. Exception id=settings requires Settings.view; id=portal bypasses. AuthContext: src/contexts/AuthContext.jsx:81-98.	Visible in visibleModules iff one mapped module bit view/create/edit/delete/approve/export is true (Shift Planning also checks ShiftPlanning); all-false hides the item. Menu filtering only; no mobile render-time permission denial.	Expose/filter Help in visibleModules; renderer behavior separately recorded; no security inference.	Help selected via local activeTab; module permission key is Settings.	src/components/MobileDashboard.jsx:398; src/components/MobileDashboard.jsx:401-427; src/components/MobileDashboard.jsx:784-785; src/components/MobileDashboard.jsx:738-789
M-EMPLOYEE-DEFAULT-help	mobile	help	role=employee; permissions absent/empty; no matching org role document; AuthContext employee defaults apply; a direct stored permission map or matching role document supersedes this fixture.	Visible under AuthContext employee fallback: declared module defaults have view/export=true and Settings.view=true; this is not write authorization.	Employee-default navigation for Help; no action/write rights inferred.	Help selected via local activeTab; module permission key is Settings.	src/components/MobileDashboard.jsx:398; src/components/MobileDashboard.jsx:401-427; src/components/MobileDashboard.jsx:784-785; src/contexts/AuthContext.jsx:81-107
G-LOGIN-PUBLIC	app-route	/login	Any auth state; Route is not wrapped by ProtectedRoute.	Renders Login; route declaration adds no redirect.	Sign-in entry only.	Public path.	src/App.jsx:80-85
G-ROOT-PROTECTED	app-route	/	Signed-out, loading, signed-in desktop, or signed-in mobile.	Loading shows shell spinner; signed-out redirects /login with replace; signed-in mobile redirects /mobile; otherwise Dashboard.	Route-level auth and responsive shell selection only.	Mobile = matching user-agent OR viewport width<1024.	src/App.jsx:9-40; src/App.jsx:43-78; src/App.jsx:101-108
G-MOBILE-PROTECTED	app-route	/mobile	Signed-out or signed-in.	Signed-out redirects /login with replace; signed-in /mobile renders MobileDashboard and avoids redirect loop.	Protected app shell only.	/mobile is excluded from signed-in mobile redirect.	src/App.jsx:43-78; src/App.jsx:109-116
G-LEGACY-TASKS	app-route	/tasks	Signed-in (route redirect is protected); signed-out tested by guard.	Signed-in redirects to /?tab=tasks; signed-out redirects /login first; mobile signed-in then redirects /mobile.	Legacy route into desktop Tasks tab.	Mobile route redirect means this query does not select MobileTasksView state.	src/App.jsx:43-78; src/App.jsx:93-100; src/components/MobileDashboard.jsx:738-789
G-LEGACY-TASKS-CHECKLIST	app-route	/tasks/checklist	Signed-in (route redirect is protected); signed-out tested by guard.	Redirects to /?tab=tasks&tasksTab=checklist; signed-in mobile then redirects /mobile.	Legacy desktop checklist deep link.	Desktop TasksTab consumes tasksTab; MobileTasksView starts at team and ignores URL query.	src/App.jsx:43-78; src/App.jsx:85-92; src/components/tabs/TasksTab.jsx:265-287; src/components/MobileTasksView.jsx:81-86
G-UNKNOWN-PATH	app-route	*	Any auth state; wildcard.	Redirects with replace to /, then root auth/mobile behavior applies.	Fallback navigation only.	No unknown-path view.	src/App.jsx:43-78; src/App.jsx:117-118
G-SIGNED-IN-MOBILE-REDIRECT	protected-app-route	any protected path except /mobile	user truthy and isMobile; UA regex OR viewport width<1024.	navigate(/mobile,{replace:true}); no redirect if already /mobile.	Responsive route selection; not an extra registry ID.	Resize handler updates mobile detection.	src/App.jsx:9-40; src/App.jsx:53-59
D-TAB-QUERY-STATE	desktop-route-state	tab=<desktop registry ID>	Admin or non-admin whose visibleTabs contains the selected ID; denied values covered in per-ID rows.	tab selects activeTab; permitted clicks write ?tab=<id>; a non-visible tab query resets to ?tab=home; render guard can display Access Denied if activeTab has no visible entry.	URL-driven tab navigation only; ordinary tab changes replace the query with tab.	Query keys tab/sub; hidden chat fails visibleTabs after hiddenTabs filtering.	src/pages/Dashboard.jsx:354-402; src/pages/Dashboard.jsx:578-602
D-ADVANCE-QUERY-SUBTABS	desktop-route-state	advance (expense alias)	Any role passing AdvanceExpense shell gate.	tab=expense maps to activeTab=advance and Add Expense; tab=advance accepts sub=Add Advance/Add Expense/Cash Summary/Reports; click serializes tab and sub.	Switch Add Advance/Add Expense/Cash Summary/Reports.	Default Add Advance; expense is an alias, not registry ID.	src/pages/Dashboard.jsx:253; src/pages/Dashboard.jsx:356-380; src/pages/Dashboard.jsx:384-401; src/pages/Dashboard.jsx:888-911
D-TASKS-QUERY-SUBTABS	desktop-route-state	tasks	Any role passing Tasks shell gate; legacy checklist path targets it.	TasksTab reads tasksTab; supports team/personal/idea/reminders/checklist (announcements normalizes to reminders); writes tab=tasks and tasksTab with replace.	Team/personal/ideas/reminders/checklist task views.	Dashboard defaultSubTab=checklist; legacy /tasks and /tasks/checklist URLs are in G rows.	src/App.jsx:85-99; src/pages/Dashboard.jsx:250; src/pages/Dashboard.jsx:627; src/components/tabs/TasksTab.jsx:120-130; src/components/tabs/TasksTab.jsx:260-287
D-ATTENDANCE-SUBTABS	desktop-route-state	attendance-list; attendance-reports	Any role passing Attendance shell gate.	attendance-list defaults to Attendance; attendance-reports forces reports; accepted local states are attendance/grid/monthly-summary/reports.	Attendance, Attendance Register, Monthly Summary, and Reports view.	Desktop header exposes Attendance/Register/Monthly Summary for attendance-list; state is local.	src/pages/Dashboard.jsx:252; src/pages/Dashboard.jsx:606-608; src/pages/Dashboard.jsx:850-886; src/components/tabs/AttendanceTab.jsx:798-815
D-EMPLOYEES-SUBTABS	desktop-route-state	employees	Any role passing Employees shell gate.	EmployeesTab starts on directory; section selection changes local activeEmployeeTab.	Directory, Details, Birthday, Data approvals, Lifecycle.	Nested sections, not extra registry IDs or URL parameters.	src/pages/Dashboard.jsx:301; src/pages/Dashboard.jsx:617; src/components/tabs/EmployeesTab.jsx:542-579
D-OPERATIONS-SUBTABS	desktop-route-state	operations; vehicle	Role passes the relevant shell gate; admin vehicle sidebar alias selects Operations.	OperationsTab defaults dates and switches among dates/vehicles/shift-planning.	Important Dates, Vehicle Management, Shift Planning; Vehicles starts mileage-tracker.	operationsSubTab defaults dates; admin vehicle sidebar selects operations/vehicles locally, not in URL.	src/pages/Dashboard.jsx:226; src/pages/Dashboard.jsx:500-506; src/pages/Dashboard.jsx:614-615; src/components/tabs/OperationsTab.jsx:8-31
D-SETTINGS-SUBTABS	desktop-route-state	settings	Admin or non-admin passing shell gate; nested subtab rules are separate.	Admin sees all subtabs; non-admin needs each subtab module.view; user_roles is admin-only; non-admin user_roles selection resets to organization.	Organization; Users & Roles; Shifts; Salary Slab; Categories; Sites & Remarks; Holidays; Site Geofence; Approval Settings; My Portal Approval; Allowance Settings; Policy; Leave Policy.	initialSubTab is local; may be set by dashboard shortcuts; no settings subtab query key.	src/pages/Dashboard.jsx:251; src/pages/Dashboard.jsx:629; src/components/tabs/SettingsTab.jsx:544-577
D-PORTAL-EMPLOYEE-SELF-SERVICE	desktop-route-state	portal	Employee-default fixture or any signed-in role; desktop shell exempts portal from module bits.	Matches employee by linked employeeId, normalized email/personal/work email, empCode==email, or UID; unmatched record leaves employeeId=null (no UID fallback).	Portal defaults dashboard; Profile control selects profile.	Lookup is client behavior only; it does not prove backend record isolation.	src/pages/Dashboard.jsx:277-286; src/pages/Dashboard.jsx:628; src/pages/Dashboard.jsx:745-746; src/components/tabs/EmployeePortalTab.jsx:63-115
D-ROUTE-ALIASES-AND-GAPS	desktop-route-state	attendance-list; expense; vehicle; reports	Admin and non-admin cases are separately recorded by registered ID.	Initial activeTab=attendance alias renders AttendanceTab; expense maps to advance/Add Expense; admin sidebar Vehicle click selects operations/vehicles; reports has no switch case and defaults to EmployeePortalTab.	Preserve source IDs and mappings; do not normalize gaps in inventory.	Reports is a group with attendance-reports/site-reports children; direct ?tab=reports is not either child.	src/pages/Dashboard.jsx:225-226; src/pages/Dashboard.jsx:319; src/pages/Dashboard.jsx:356-401; src/pages/Dashboard.jsx:500-506; src/pages/Dashboard.jsx:604-632
M-MODULE-CATEGORIES-AND-BOTTOM-NAV	mobile-route-state	home; all mobile registry IDs	Category selection is independent of role fixture; visibleModules role filtering is covered per ID.	Selected category filters the visible module grid; home is removed from the grid; fixed Home/attendance/portal/More controls are separately rendered.	All Modules/Operations/HR & People/Finance/My Space categories; fixed bottom navigation.	selectedCategory defaults all; bottom aliases home/attendance/portal/more; MobileDashboard uses local activeTab rather than URL tab state.	src/components/MobileDashboard.jsx:192-198; src/components/MobileDashboard.jsx:265; src/components/MobileDashboard.jsx:429-434; src/components/MobileDashboard.jsx:967-987
M-ATTENDANCE-ID-RENDER-MISMATCH	mobile-route-state	attendance-list	Any role for which registry item is present; fixed bottom alias is independent.	Selecting attendance-list sets that ID but switch has no attendance-list case, so it falls through to Home. Fixed bottom Attendance sets attendance and renders AttendanceTab.	Record registry-to-renderer mismatch, not a security policy.	attendance case defaults AttendanceTab subtab; attendance-reports uses reports.	src/components/MobileDashboard.jsx:370; src/components/MobileDashboard.jsx:738-789; src/components/MobileDashboard.jsx:967-987
M-TASKS-HOME-CTA-NO-RENDER-GUARD	mobile-role-state	tasks	Non-admin with no qualifying Tasks bit; tests menu-filter/renderer difference.	visibleModules omits Tasks, but Home callbacks set activeTab=tasks; renderer has no per-tab permission check and mounts MobileTasksView. Client behavior only.	Home View all/Open Tasks/task card/task-completion callbacks.	Home widget/listener state drives visibility; no permission test at callbacks.	src/components/MobileDashboard.jsx:290-302; src/components/MobileDashboard.jsx:605-640; src/components/MobileDashboard.jsx:738-789; src/components/MobileDashboard.jsx:401-427
M-APPROVALS-HOME-CTA-NO-RENDER-GUARD	mobile-role-state	approvals	Non-admin with no qualifying Approvals bit; tests menu-filter/renderer difference.	Approvals omitted from visibleModules, but pending-correction banner callback sets activeTab=approvals; renderer has no per-tab permission check and mounts ApprovalsTab. Client behavior only.	Pending-corrections banner opens Approvals.	Callback is shown when pendingCorrections>0; no permission test surrounds the state change.	src/components/MobileDashboard.jsx:401-427; src/components/MobileDashboard.jsx:660-680; src/components/MobileDashboard.jsx:738-789
M-PORTAL-EMPLOYEE-SELF-SERVICE	mobile-route-state	portal	Employee-default fixture or any signed-in role; mobile portal exempt from module bits.	Matches normalized email or empCode to employee.email/empCode, else e.id==user.uid; employeeId falls back to user.uid when no employee is matched.	Local tabs Dashboard/Attendance/Requests/Salary/Profile.	This component does not match user.employeeId/personalEmail/workEmail and does use UID fallback; lookup is client behavior only.	src/components/MobileDashboard.jsx:395; src/components/MobileDashboard.jsx:780-781; src/components/MobileEmployeePortal.jsx:121-133; src/components/MobileEmployeePortal.jsx:1770-1803
D-APPROVALS-ROLE-FILTERS	shared-destination-role-state	approvals	Case-insensitive admin/hr/md/accountant; permissions.Approvals.approve; permissions.isAccountant=true.	Component distinguishes canApprove, isAccountant, isMD, isHR, canManageAttendance; these are finer than route-shell visibility.	Approval-stage controls and accountant payment processing use these flags.	isAccountant includes admin/accountant/isAccountant; canManageAttendance is admin/HR/canApprove.	src/components/tabs/ApprovalsTab.jsx:223-228; src/components/tabs/ApprovalsTab.jsx:939-995
D-ADVANCE-ROLE-FILTERS	shared-destination-role-state	advance	Source roles admin/accountant/hr/md.	isHR=hr or admin; isMD=md or admin; select-all requires non-portal mode and admin/accountant.	Employee selection and finance actions vary by role flags; shell still filters by AdvanceExpense bits.	Add Expense/Add Advance employee selection also depends on activeModule and expenseMode.	src/components/tabs/AdvanceExpenseTab.jsx:795-804; src/components/tabs/AdvanceExpenseTab.jsx:7676-7800
D-ATTENDANCE-APPROVED-LEAVE-OVERRIDE	shared-destination-role-state	attendance-list	role lowercased in {admin,hr}.	canOverrideApprovedLeave is true only for admin/hr; other roles lack this client override path.	Attendance approved-leave conflict override, not route visibility.	Applies to rows with active leaveCoverage.	src/components/tabs/AttendanceTab.jsx:1326-1327
D-CORRECTION-APPROVED-LEAVE-OVERRIDE	shared-destination-role-state	correction	role lowercased in {admin,hr}.	canOverrideApprovedLeave is true only for admin/hr; others lack this client override path.	Correction approved-leave conflict override, not route visibility.	Override reason/state is local to conflict handling.	src/components/tabs/CorrectionTab.jsx:625-634
D-LEAVE-ROLE-FILTERS	shared-destination-role-state	leave	Roles admin/hr; ownership case user.uid==leave.createdBy; configured approvers may include exact user.role.	Opening-balance form renders for admin/hr; delete action for admin/hr or record creator; HR-specific approval state uses role check.	Leave record and approval actions are finer than route-shell Leave permission.	Leave approval/stage state depends on current role and configured approvers.	src/components/tabs/LeaveTab.jsx:385-392; src/components/tabs/LeaveTab.jsx:601; src/components/tabs/LeaveTab.jsx:702-732; src/components/tabs/ApprovalsTab.jsx:840-858
D-ENGAGEMENT-PAGE-VS-SHELL-GATE	shared-destination-role-state	engage; chat	Shell one-hot grants compared with EngagementTab canView view/create/edit/full.	Delete-only or approve-only can expose a shell item while EngagementTab renders no-view status; full alone passes component predicate but does not satisfy shell predicate. Desktop chat remains hidden; mobile chat remains distinct.	Create post requires create/full/admin; view/respond uses canView.	Shell visibility and component state differ; no data-authorization inference.	src/pages/Dashboard.jsx:328-350; src/components/MobileDashboard.jsx:401-427; src/components/tabs/EngagementTab.jsx:19-45; src/components/tabs/EngagementTab.jsx:181-189
D-EMPLOYEE-LIFECYCLE-ROLE-FILTERS	shared-destination-role-state	employees	Lifecycle uses lifecycle.canView; Recruitment handoff uses admin or Recruitment view/create/edit/full.	Lifecycle subview displays view-required status if lifecycle.canView=false; onboarding handoff action is gated by admin or listed Recruitment bits.	Employee lifecycle and hired-candidate onboarding handoff.	No generic manager role is implied by this predicate.	src/components/tabs/EmployeeLifecycleTab.jsx:32-48; src/components/tabs/EmployeeLifecycleTab.jsx:90-98
D-VEHICLE-MILEAGE-ROLE-FILTERS	shared-destination-role-state	vehicle; operations	VehicleMileageTab isAdmin flag: role admin/manager/hr or permissions.isAdmin=true.	Mileage management controls tied to local isAdmin flag; other roles do not meet this local flag.	Mileage entries/management nested in Vehicle screens, independent from shell Vehicle bit.	Desktop admin Vehicle maps through Operations; mobile admin vehicles maps VehicleManagementTab; non-admin maps EmployeeVehiclePortal.	src/components/tabs/VehicleMileageTab.jsx:52-68; src/pages/Dashboard.jsx:614-615; src/components/MobileDashboard.jsx:776-779; src/components/tabs/OperationsTab.jsx:8-31
D-SALARY-ROLE-FILTERS	shared-destination-role-state	salary-slip	admin; accountant; hr; user.isAccountant=true; SalarySlip.edit or AdvanceExpense.edit.	canManageDeductions is true for listed fixtures; inspected payroll run resync/status/revision/init controls are admin-only and depend on run state.	Payroll and deduction UI; route shell uses SalarySlip permission separately.	Current/history/draft/review/approved/locked state changes visible controls.	src/components/tabs/SalarySlipTab.jsx:783-795; src/components/tabs/SalarySlipTab.jsx:3195-3248
D-DOCUMENTS-EMPTY-VIEW-GATE	shared-destination-role-state	documents	Non-admin; empty documents; not loading; api.canCreate=false; DocumentManagement.view/full=false.	DocumentsTab renders view-required status for this empty-state fixture; existing records or api.canCreate changes branch.	Organization/employee dossier tabs; add/version/archive/delete use separate API permissions.	Shell can expose delete-only/approve-only but this empty state may still show no-view status.	src/pages/Dashboard.jsx:328-350; src/components/MobileDashboard.jsx:401-427; src/components/tabs/DocumentsTab.jsx:121-134
D-SETTINGS-ROLE-ACTIONS	shared-destination-role-state	settings	Admin; or non-admin with Roles.edit / Roles.delete / Settings.edit; employee controls use Employees.create/edit/delete.	Users & Roles subtab remains admin-only, but add/change role handlers allow admin or Roles.edit; delete user allows admin or Roles.delete; org settings editing checks admin or Settings.edit.	Role/user administration, user login deletion, organization-setting mutations, and employee create/edit/delete controls.	Tab visibility is distinct from action handlers: Roles.view does not expose user_roles; employee controls have separate module bits.	src/components/tabs/SettingsTab.jsx:544-577; src/components/tabs/SettingsTab.jsx:751-753; src/components/tabs/SettingsTab.jsx:2182-2184; src/components/tabs/SettingsTab.jsx:2265-2267; src/components/tabs/SettingsTab.jsx:2350-2354; src/components/tabs/SettingsTab.jsx:2414-2415
D-EMPLOYEES-CRUD-ROLE-GATES	shared-destination-role-state	employees	Admin; or Employees.create=true / Employees.edit=true / Employees.delete=true independently.	Employee add/edit/delete controls use separate admin-or-module-bit predicates; route visibility uses the broader shell view/create/edit/delete/approve rule.	Employee directory management actions, distinct from directory/detailed/birthday/data-approval/lifecycle subtab visibility.	A view-only Employees grant can show the destination but does not satisfy these create/edit/delete predicates.	src/components/tabs/SettingsTab.jsx:751-753; src/components/tabs/SettingsTab.jsx:5523-5525; src/components/tabs/SettingsTab.jsx:5658-5660
D-HR-COMMUNICATIONS-ROLE-GATES	shared-destination-role-state	letters	Role admin/hr for create/edit/delete; admin/hr/md or HRLetters.approve/full for approval; ownership conditions apply to non-admin edit/delete/request-approval.	Can create/edit/delete use admin/hr or matching HRLetters capability; approval uses admin/hr/md or HRLetters.approve/full. Non-admin edit/delete/request approval also require record ownership.	HR letters, announcements, policies and training communications approval/publish/edit/delete actions.	Approval is intentionally separate from editing; capability is HRLetters permission bit or full.	src/lib/communications.js:35-65; src/components/tabs/hr-communications/HRCommunicationsTab.jsx:258-260; src/components/tabs/hr-communications/HRCommunicationsTab.jsx:229-234
